mode,op,offered,n_runs,lat_mean_ms,lat_min,lat_max,p99_mean_ms,tp_mean,tp_min,tp_max,errors
central,audit,10,3,15.2,1.1,42.4,50.3,10.0,10.0,10.0,0.0
central,audit,100,3,11.9,4.3,24.0,52.7,100.0,100.0,100.1,0.0
central,audit,200,3,12.9,6.6,24.7,78.0,200.0,200.0,200.0,0.0
central,issue,10,3,173.7,3.6,282.9,590.0,10.0,10.0,10.0,0.0
central,issue,100,3,32.1,8.1,77.2,161.3,100.0,100.0,100.0,0.0
central,issue,200,3,7.8,5.6,9.5,27.3,200.0,200.0,200.0,0.0
central,issue,300,3,10.1,5.5,15.8,44.3,300.0,300.0,300.0,0.0
central,issue,600,3,26.6,5.4,65.5,163.7,600.0,600.0,600.1,0.0
central,issue,1000,3,13.7,5.4,26.7,77.7,1000.0,1000.0,1000.0,0.0
central,verify,100,3,2.2,1.1,3.4,13.7,100.4,100.0,101.2,0.0
central,verify,400,3,1.9,0.8,2.8,13.3,400.0,400.0,400.0,0.0
central,verify,600,3,1.8,0.9,2.8,13.3,600.0,600.0,600.0,0.0
central,verify,1000,3,1.6,0.9,2.4,11.7,1000.0,1000.0,1000.0,0.0
central,verify,2000,3,1.7,0.9,2.8,5.3,2000.0,2000.0,2000.0,0.0
jwt,audit,10,3,1.4,0.9,1.8,11.0,10.0,10.0,10.1,0.0
jwt,audit,100,3,3.3,1.9,4.2,19.7,100.2,100.0,100.4,0.0
jwt,audit,200,3,2.2,1.3,3.1,16.0,200.3,200.0,201.0,0.0
jwt,issue,10,3,2.4,1.8,2.8,12.7,10.0,10.0,10.0,0.0
jwt,issue,100,3,5.5,3.9,6.3,22.7,100.5,100.3,100.7,0.0
jwt,issue,200,3,4.0,3.0,5.0,15.0,200.3,200.1,200.5,0.0
jwt,issue,300,3,3.9,2.8,5.0,19.7,300.0,300.0,300.0,0.0
jwt,issue,600,3,3.7,2.4,5.0,11.0,600.0,600.0,600.0,0.0
jwt,issue,1000,3,3.7,2.3,4.9,10.7,1000.1,1000.0,1000.3,0.0
jwt,verify,100,3,5.2,3.9,6.0,21.3,100.1,100.0,100.3,0.0
jwt,verify,400,3,4.7,3.8,5.4,14.3,400.0,400.0,400.1,0.0
jwt,verify,600,3,4.8,3.9,5.7,17.0,600.1,600.0,600.2,0.0
jwt,verify,1000,3,4.6,3.5,5.5,11.3,1000.0,1000.0,1000.1,0.0
jwt,verify,2000,3,4.6,3.5,5.6,10.7,2000.1,2000.0,2000.3,0.0
