Name,n_runs,Send TPS mean,Avg latency ms mean,lat min,lat max,Throughput mean,tp min,tp max,Total failures
seed,4,102.0,295,210,330,98.6,85.9,134.0,0
issue-10tps,4,10.0,130,130,130,10.0,10.0,10.0,0
issue-25tps,4,25.0,125,120,130,24.9,24.9,25.0,0
issue-50tps,4,50.0,128,120,130,49.8,49.8,49.9,0
issue-100tps,4,100.0,138,120,150,99.7,99.5,99.9,0
issue-150tps,4,150.0,152,130,160,149.4,149.1,149.6,0
issue-200tps,4,198.3,185,140,210,196.9,191.9,198.9,0
issue-300tps,4,227.4,212,170,230,226.1,195.4,298.5,0
verify-100tps,4,100.0,0,0,0,100.0,100.0,100.0,0
verify-200tps,4,200.0,0,0,0,200.0,200.0,200.0,0
verify-400tps,4,400.1,0,0,0,400.0,400.0,400.0,0
verify-600tps,4,571.6,0,0,0,571.6,536.4,600.0,0
audit-10tps,4,10.0,130,130,130,10.0,10.0,10.0,0
audit-50tps,4,50.0,128,120,130,49.8,49.8,49.9,0
audit-100tps,4,100.0,140,130,150,99.7,99.3,99.8,0
audit-200tps,4,196.8,185,140,220,195.8,186.4,199.3,0
