scenario,i,rc,latency_ms
S0_all_up,1,0,292
S0_all_up,2,0,259
S0_all_up,3,0,258
S0_all_up,4,0,257
S0_all_up,5,0,257
S0_all_up,6,0,257
S0_all_up,7,0,258
S0_all_up,8,0,258
S0_all_up,9,0,257
S0_all_up,10,0,256
S0_all_up,11,0,261
S0_all_up,12,0,262
S0_all_up,13,0,259
S0_all_up,14,0,264
S0_all_up,15,0,256
S1_orderer_down,1,1,42
S1_orderer_down,2,1,43
S1_orderer_down,3,1,42
S1_orderer_down,4,1,41
S1_orderer_down,5,1,41
S2_recovered,1,0,255
S2_recovered,2,0,254
S2_recovered,3,0,276
S2_recovered,4,0,260
S2_recovered,5,0,265
S2_recovered,6,0,288
S2_recovered,7,0,256
S2_recovered,8,0,258
S2_recovered,9,0,256
S2_recovered,10,0,258
S2_recovered,11,0,255
S2_recovered,12,0,257
S2_recovered,13,0,257
S2_recovered,14,0,257
S2_recovered,15,0,256
