Name,Succ,Fail,Send Rate (TPS),Max Latency (s),Min Latency (s),Avg Latency (s),Throughput (TPS),ordering,one_way_delay_ms,rep
seed,498,2,112.2,0.47,0.07,0.27,108.5,bft,0,1
issue-10tps,301,0,10.0,0.08,0.02,0.05,10.0,bft,0,1
issue-25tps,751,0,25.0,0.1,0.02,0.06,25.0,bft,0,1
issue-50tps,1501,0,50.0,0.12,0.03,0.06,50.0,bft,0,1
issue-100tps,3001,0,100.0,0.14,0.03,0.07,99.9,bft,0,1
issue-150tps,4501,0,150.0,0.27,0.05,0.13,149.5,bft,0,1
issue-200tps,4533,1,151.1,0.3,0.05,0.14,150.8,bft,0,1
issue-300tps,4547,0,151.5,0.28,0.05,0.14,150.9,bft,0,1
verify-100tps,3001,0,100.0,0.02,0.0,0.0,100.0,bft,0,1
verify-200tps,6001,0,200.0,0.02,0.0,0.0,200.0,bft,0,1
verify-400tps,12001,0,400.0,0.02,0.0,0.0,400.0,bft,0,1
verify-600tps,17062,0,568.8,0.02,0.0,0.0,568.7,bft,0,1
audit-10tps,299,2,10.0,0.08,0.02,0.05,10.0,bft,0,1
audit-50tps,1495,6,50.0,0.1,0.02,0.06,49.9,bft,0,1
audit-100tps,2989,12,100.0,0.13,0.03,0.07,99.8,bft,0,1
audit-200tps,4445,18,148.8,0.3,0.05,0.14,148.3,bft,0,1
seed,500,0,150.6,0.51,0.05,0.21,145.7,bft,0,2
issue-10tps,301,0,10.0,0.12,0.02,0.04,10.0,bft,0,2
issue-25tps,751,0,25.0,0.08,0.01,0.04,25.0,bft,0,2
issue-50tps,1501,0,50.0,0.09,0.01,0.05,49.9,bft,0,2
issue-100tps,3001,0,100.0,0.14,0.02,0.05,99.9,bft,0,2
issue-150tps,4501,0,150.0,0.18,0.02,0.06,149.9,bft,0,2
issue-200tps,6001,0,200.0,0.19,0.02,0.06,199.6,bft,0,2
issue-300tps,7586,9,253.2,0.25,0.03,0.1,252.2,bft,0,2
verify-100tps,3002,0,100.0,0.01,0.0,0.0,100.0,bft,0,2
verify-200tps,6001,0,200.1,0.01,0.0,0.0,200.0,bft,0,2
verify-400tps,12001,0,400.1,0.01,0.0,0.0,400.0,bft,0,2
verify-600tps,18001,0,600.1,0.01,0.0,0.0,600.0,bft,0,2
audit-10tps,301,0,10.0,0.07,0.01,0.04,10.0,bft,0,2
audit-50tps,1501,0,50.0,0.09,0.01,0.05,50.0,bft,0,2
audit-100tps,3001,0,100.0,0.1,0.02,0.05,99.9,bft,0,2
audit-200tps,6001,0,200.0,0.14,0.02,0.06,199.6,bft,0,2
seed,500,0,47.1,1.06,0.28,0.73,45.4,bft,15,1
issue-10tps,301,0,10.0,0.38,0.26,0.35,9.9,bft,15,1
issue-25tps,751,0,25.0,0.44,0.26,0.35,24.8,bft,15,1
issue-50tps,1501,0,50.0,0.51,0.29,0.41,49.4,bft,15,1
issue-100tps,3001,0,100.0,2.73,0.41,1.67,98.3,bft,15,1
issue-150tps,4494,0,149.2,19.95,0.41,11.85,123.9,bft,15,1
issue-200tps,4379,0,145.9,12.5,0.47,7.89,131.6,bft,15,1
issue-300tps,4316,0,143.7,11.8,0.5,6.63,131.3,bft,15,1
verify-100tps,3001,0,100.0,0.1,0.04,0.05,99.9,bft,15,1
verify-200tps,6002,0,200.0,0.1,0.04,0.05,199.7,bft,15,1
verify-400tps,12001,0,400.0,0.14,0.04,0.05,399.4,bft,15,1
verify-600tps,16200,0,540.0,0.16,0.04,0.05,539.1,bft,15,1
audit-10tps,301,0,10.0,0.66,0.26,0.33,9.9,bft,15,1
audit-50tps,1501,0,50.0,0.49,0.28,0.38,49.5,bft,15,1
audit-100tps,3001,0,100.0,0.54,0.28,0.41,98.9,bft,15,1
audit-200tps,4520,0,150.7,10.71,0.45,5.77,137.4,bft,15,1
seed,500,0,44.4,1.18,0.32,0.76,41.9,bft,15,2
issue-10tps,301,0,10.0,0.37,0.26,0.29,9.9,bft,15,2
issue-25tps,751,0,25.0,0.44,0.26,0.35,24.8,bft,15,2
issue-50tps,1501,0,50.0,0.52,0.29,0.41,49.5,bft,15,2
issue-100tps,3001,0,100.0,3.42,0.47,1.99,98.4,bft,15,2
issue-150tps,4425,0,147.4,19.67,0.54,11.92,123.2,bft,15,2
issue-200tps,4560,0,152.0,11.08,0.79,6.81,138.6,bft,15,2
issue-300tps,4607,0,153.6,11.03,0.49,6.13,139.8,bft,15,2
verify-100tps,3001,0,100.0,0.1,0.04,0.05,99.9,bft,15,2
verify-200tps,6001,0,200.0,0.11,0.04,0.05,199.7,bft,15,2
verify-400tps,12001,0,400.0,0.14,0.04,0.05,399.4,bft,15,2
verify-600tps,16117,0,537.3,0.18,0.05,0.05,536.3,bft,15,2
audit-10tps,301,0,10.0,0.57,0.26,0.33,9.9,bft,15,2
audit-50tps,1501,0,50.0,0.47,0.28,0.37,49.5,bft,15,2
audit-100tps,3001,0,100.0,0.5,0.28,0.4,98.8,bft,15,2
audit-200tps,4808,0,160.3,11.43,0.37,6.21,145.0,bft,15,2
seed,500,0,18.2,2.53,0.75,1.76,17.3,bft,40,1
issue-10tps,301,0,10.0,1.05,0.66,0.87,9.8,bft,40,1
issue-25tps,751,0,25.0,4.31,0.85,2.63,24.2,bft,40,1
issue-50tps,1501,0,50.0,17.39,1.13,9.24,45.2,bft,40,1
issue-100tps,3001,0,100.0,30.24,1.85,21.21,65.4,bft,40,1
issue-150tps,4501,0,150.0,58.2,1.84,35.62,60.5,bft,40,1
issue-200tps,3762,2239,200.0,43.85,1.98,23.91,62.0,bft,40,1
issue-300tps,251,8729,299.4,52.75,51.88,52.29,78.6,bft,40,1
verify-100tps,3001,0,100.0,0.3,0.11,0.14,99.6,bft,40,1
verify-200tps,6001,0,200.0,0.75,0.11,0.14,199.2,bft,40,1
verify-400tps,12001,0,400.0,0.64,0.12,0.23,396.7,bft,40,1
verify-600tps,18000,0,600.1,14.88,0.31,6.57,454.2,bft,40,1
audit-10tps,0,301,10.0,,,,3.3,bft,40,1
audit-50tps,0,1501,50.0,,,,16.6,bft,40,1
audit-100tps,692,2309,100.0,60.58,33.64,35.72,33.1,bft,40,1
audit-200tps,1401,4599,200.0,64.4,30.91,49.81,62.6,bft,40,1
seed,500,0,19.2,2.69,0.76,1.85,18.5,bft,40,2
issue-10tps,301,0,10.0,1.02,0.67,0.87,9.8,bft,40,2
issue-25tps,751,0,25.0,4.36,0.82,2.73,24.3,bft,40,2
issue-50tps,1501,0,50.0,16.26,1.18,8.96,45.5,bft,40,2
issue-100tps,2991,0,99.7,30.54,1.51,21.42,64.8,bft,40,2
issue-150tps,4499,0,150.0,56.8,3.01,33.06,62.9,bft,40,2
issue-200tps,4992,446,181.2,81.22,1.7,40.89,53.7,bft,40,2
issue-300tps,4072,1390,182.1,55.39,1.63,29.75,53.9,bft,40,2
verify-100tps,3001,0,100.0,0.4,0.11,0.14,99.6,bft,40,2
verify-200tps,6001,0,200.0,0.36,0.12,0.13,199.2,bft,40,2
verify-400tps,12001,0,400.1,0.46,0.12,0.14,398.3,bft,40,2
verify-600tps,15567,0,518.9,3.92,0.12,1.24,507.2,bft,40,2
audit-10tps,301,0,10.0,1.66,0.68,0.82,9.8,bft,40,2
audit-50tps,1501,0,50.0,1.25,0.69,0.95,48.6,bft,40,2
audit-100tps,3001,0,100.0,14.07,0.84,8.31,68.3,bft,40,2
audit-200tps,4522,851,179.1,78.79,1.41,33.84,54.6,bft,40,2
seed,500,0,72.6,1.93,0.04,0.26,71.7,raft,0,1
issue-10tps,301,0,10.0,2.02,0.02,0.48,9.4,raft,0,1
issue-25tps,751,0,25.0,2.02,0.02,0.21,23.5,raft,0,1
issue-50tps,1501,0,50.0,2.02,0.02,0.11,46.9,raft,0,1
issue-100tps,3001,0,100.0,2.02,0.02,0.07,93.7,raft,0,1
issue-150tps,4501,0,150.0,2.02,0.02,0.06,140.6,raft,0,1
issue-200tps,6001,0,200.0,2.03,0.03,0.07,187.4,raft,0,1
issue-300tps,6286,0,209.5,2.04,0.03,0.09,196.3,raft,0,1
verify-100tps,3001,0,100.0,0.02,0.0,0.0,100.0,raft,0,1
verify-200tps,6001,0,200.1,0.03,0.0,0.0,200.0,raft,0,1
verify-400tps,12001,0,400.1,0.02,0.0,0.0,400.0,raft,0,1
verify-600tps,17329,0,577.7,0.02,0.0,0.0,577.6,raft,0,1
audit-10tps,301,0,10.0,2.01,0.02,0.48,9.4,raft,0,1
audit-50tps,1501,0,50.0,2.02,0.02,0.11,46.9,raft,0,1
audit-100tps,3001,0,100.0,2.02,0.02,0.07,93.7,raft,0,1
audit-200tps,6000,0,200.0,0.13,0.02,0.06,199.8,raft,0,1
seed,500,0,75.8,1.92,0.03,0.27,74.1,raft,0,2
issue-10tps,301,0,10.0,2.02,0.02,0.48,9.4,raft,0,2
issue-25tps,751,0,25.0,2.02,0.02,0.2,23.5,raft,0,2
issue-50tps,1501,0,50.0,2.02,0.02,0.11,46.9,raft,0,2
issue-100tps,3001,0,100.0,2.02,0.02,0.07,93.7,raft,0,2
issue-150tps,4501,0,150.0,2.02,0.02,0.06,140.6,raft,0,2
issue-200tps,6001,0,200.0,2.05,0.03,0.07,187.4,raft,0,2
issue-300tps,6011,0,200.3,2.02,0.03,0.09,187.6,raft,0,2
verify-100tps,3001,0,100.0,0.01,0.0,0.0,100.0,raft,0,2
verify-200tps,6001,0,200.0,0.02,0.0,0.0,200.0,raft,0,2
verify-400tps,12001,0,400.1,0.02,0.0,0.0,400.0,raft,0,2
verify-600tps,17101,0,570.1,0.02,0.0,0.0,570.0,raft,0,2
audit-10tps,301,0,10.0,2.02,0.02,0.48,9.4,raft,0,2
audit-50tps,1501,0,50.0,2.01,0.02,0.11,46.9,raft,0,2
audit-100tps,3001,0,100.0,2.02,0.02,0.07,93.7,raft,0,2
audit-200tps,5939,0,198.0,2.03,0.03,0.09,185.6,raft,0,2
seed,500,0,50.5,2.17,0.28,0.63,48.2,raft,15,1
issue-10tps,301,0,10.0,2.21,0.27,0.73,9.3,raft,15,1
issue-25tps,751,0,25.0,2.2,0.23,0.45,23.3,raft,15,1
issue-50tps,1501,0,50.0,2.25,0.22,0.37,46.6,raft,15,1
issue-100tps,3001,0,100.0,2.38,0.32,0.55,92.7,raft,15,1
issue-150tps,4501,0,150.0,14.1,0.52,8.82,131.9,raft,15,1
issue-200tps,5997,0,199.9,10.41,0.41,5.92,176.1,raft,15,1
issue-300tps,6531,0,217.7,13.71,0.43,8.3,177.5,raft,15,1
verify-100tps,3001,0,100.0,0.1,0.04,0.05,99.9,raft,15,1
verify-200tps,6001,0,200.0,0.14,0.04,0.05,199.7,raft,15,1
verify-400tps,12001,0,400.1,0.16,0.04,0.05,399.4,raft,15,1
verify-600tps,16140,0,538.0,0.17,0.04,0.05,537.2,raft,15,1
audit-10tps,301,0,10.0,2.21,0.24,0.72,9.3,raft,15,1
audit-50tps,1501,0,50.0,2.21,0.23,0.35,46.6,raft,15,1
audit-100tps,3001,0,100.0,2.24,0.22,0.32,93.1,raft,15,1
audit-200tps,6000,0,200.0,10.53,0.36,5.94,176.9,raft,15,1
seed,500,0,45.0,2.12,0.27,0.71,42.8,raft,15,2
issue-10tps,301,0,10.0,2.2,0.26,0.72,9.3,raft,15,2
issue-25tps,751,0,25.0,2.2,0.23,0.45,23.3,raft,15,2
issue-50tps,1501,0,50.0,2.27,0.22,0.36,46.6,raft,15,2
issue-100tps,3001,0,100.0,2.33,0.32,0.72,92.8,raft,15,2
issue-150tps,4501,0,150.0,16.48,0.48,9.27,128.3,raft,15,2
issue-200tps,6001,0,200.0,12.54,0.61,9.66,171.2,raft,15,2
issue-300tps,9001,0,300.0,14.24,0.38,9.26,226.0,raft,15,2
verify-100tps,3001,0,100.0,0.1,0.04,0.05,99.9,raft,15,2
verify-200tps,6001,0,200.0,0.11,0.04,0.05,199.7,raft,15,2
verify-400tps,12001,0,400.0,0.14,0.04,0.05,399.4,raft,15,2
verify-600tps,18001,0,600.0,0.14,0.04,0.05,599.1,raft,15,2
audit-10tps,301,0,10.0,2.2,0.23,0.72,9.3,raft,15,2
audit-50tps,1501,0,50.0,2.22,0.2,0.34,46.6,raft,15,2
audit-100tps,3001,0,100.0,2.24,0.22,0.3,93.2,raft,15,2
audit-200tps,6001,0,200.0,3.73,0.33,2.02,185.9,raft,15,2
seed,500,0,20.9,3.12,0.64,1.61,20.3,raft,40,1
issue-10tps,301,0,10.0,2.5,0.67,1.22,9.3,raft,40,1
issue-25tps,751,0,25.0,2.68,0.65,0.94,23.0,raft,40,1
issue-50tps,1501,0,50.0,13.31,0.96,6.86,45.4,raft,40,1
issue-100tps,3001,0,100.0,29.02,1.99,20.74,65.9,raft,40,1
issue-150tps,4501,0,150.0,34.53,3.15,24.64,84.0,raft,40,1
issue-200tps,6001,0,200.0,37.06,1.59,22.43,106.0,raft,40,1
issue-300tps,8716,0,290.6,64.71,1.67,42.03,110.6,raft,40,1
verify-100tps,3001,0,100.0,0.34,0.11,0.13,99.6,raft,40,1
verify-200tps,6001,0,200.0,0.36,0.11,0.13,199.2,raft,40,1
verify-400tps,12001,0,400.0,0.45,0.12,0.14,398.3,raft,40,1
verify-600tps,15248,0,508.3,3.86,0.13,1.46,504.8,raft,40,1
audit-10tps,301,0,10.0,2.51,0.59,1.12,9.3,raft,40,1
audit-50tps,1501,0,50.0,2.62,0.57,0.79,46.1,raft,40,1
audit-100tps,3001,0,100.0,10.13,0.9,5.72,89.6,raft,40,1
audit-200tps,6000,0,200.0,31.47,1.28,21.11,111.2,raft,40,1
seed,500,0,18.1,3.24,0.74,1.75,17.5,raft,40,2
issue-10tps,301,0,10.0,2.5,0.66,1.22,9.3,raft,40,2
issue-25tps,751,0,25.0,2.51,0.63,1.01,23.1,raft,40,2
issue-50tps,1501,0,50.0,12.7,1.37,6.94,45.4,raft,40,2
issue-100tps,3001,0,100.0,29.07,2.1,21.12,64.7,raft,40,2
issue-150tps,4500,0,150.0,42.79,3.39,30.24,77.2,raft,40,2
issue-200tps,6001,0,200.0,30.46,1.09,19.88,111.8,raft,40,2
issue-300tps,9001,0,300.1,63.66,1.48,37.92,114.7,raft,40,2
verify-100tps,3001,0,100.0,0.3,0.11,0.12,99.6,raft,40,2
verify-200tps,6001,0,200.0,0.38,0.12,0.13,199.2,raft,40,2
verify-400tps,12001,0,400.0,0.41,0.12,0.13,398.3,raft,40,2
verify-600tps,18001,0,600.1,4.54,0.12,1.1,555.9,raft,40,2
audit-10tps,301,0,10.0,2.51,0.6,1.12,9.3,raft,40,2
audit-50tps,1501,0,50.0,2.51,0.54,0.73,46.2,raft,40,2
audit-100tps,3001,0,100.0,9.02,0.86,5.05,91.4,raft,40,2
audit-200tps,6001,0,200.0,25.96,1.29,18.26,114.7,raft,40,2
