scheme,n,positives,AUC,AUC_lo,AUC_hi,recall@FPR=1%,recall@FPR=5%,recall@ALLOW<0.75,FPR@ALLOW<0.75
"Engine, fixed weights (all four factors), test users",60368,79,0.871852685934059,0.8309588370680976,0.911630720893765,0.11392405063291139,0.5063291139240507,0.7974683544303798,0.139942609762975
Ablation: engine without time_anom,60368,79,0.8583692136042619,,,0.11392405063291139,0.35443037974683544,0.7974683544303798,0.14014165104745477
Ablation: engine without pc_new,60368,79,0.874676216729084,,,0.11392405063291139,0.5189873417721519,0.810126582278481,0.1488165336960308
Ablation: engine without usb,60368,79,0.7549906767634627,,,0.05063291139240506,0.26582278481012656,0.10126582278481013,0.02285657416775863
Ablation: engine without file_vol,60368,79,0.868460270792728,,,0.7721518987341772,0.7721518987341772,0.7721518987341772,0.13826734561860374
Single factor: time_anom,60368,79,0.5902754055308701,,,0.012658227848101266,1.0,0.22784810126582278,0.04511602448207799
Single factor: pc_new,60368,79,0.4871120768299358,,,0.0,1.0,0.0,0.022242863540612716
Single factor: usb,60368,79,0.8592294162862383,,,0.7721518987341772,0.7721518987341772,0.8607594936708861,0.1688699431073662
Single factor: file_vol,60368,79,0.6759027351589842,,,0.10126582278481013,0.35443037974683544,0.2911392405063291,0.041002504602829705
"Logistic regression (supervised, user-split)",60368,79,0.8831598265821315,0.8443334996228518,0.9231535992696145,0.16455696202531644,0.5822784810126582,0.8607594936708861,0.1688367695599529
"Gradient boosting (supervised, user-split)",60368,79,0.896188422389961,0.8594770469001938,0.9334658505062946,0.35443037974683544,0.6455696202531646,1.0,1.0
"Engine, learned weights + recalibrated threshold w=0.16/0.00/0.62/0.22",60368,79,0.8807772100248781,,,0.16455696202531644,0.5316455696202531,0.5316455696202531,0.04645955315231634
