Name,Succ,Fail,Send Rate (TPS),Max Latency (s),Min Latency (s),Avg Latency (s),Throughput (TPS)
seed,500,0,91.4,0.66,0.09,0.32,88.3
issue-10tps,301,0,10.0,0.08,0.03,0.05,10.0
issue-25tps,751,0,25.0,0.12,0.02,0.06,25.0
issue-50tps,1501,0,50.0,0.13,0.03,0.06,49.9
issue-100tps,3001,0,100.0,0.19,0.04,0.08,99.9
issue-150tps,4269,2,142.3,0.56,0.05,0.19,141.7
issue-200tps,4359,2,145.4,0.51,0.05,0.19,144.8
issue-300tps,4388,0,146.2,0.38,0.06,0.18,145.7
verify-100tps,3001,0,100.0,0.02,0.00,0.00,100.0
verify-200tps,6001,0,200.0,0.01,0.00,0.00,200.0
verify-400tps,12001,0,400.0,0.02,0.00,0.00,400.0
verify-600tps,17349,0,578.4,0.03,0.00,0.00,578.3
audit-10tps,301,0,10.0,0.08,0.02,0.05,10.0
audit-50tps,1501,0,50.0,0.10,0.03,0.06,49.9
audit-100tps,3001,0,100.0,0.13,0.03,0.08,99.8
audit-200tps,4408,1,147.0,0.44,0.06,0.18,146.4
