ordering,batch,name,n_runs,lat_ms_mean,lat_min,lat_max,tp_mean,tp_min,tp_max,failed,succ
bft,default,seed,2,335,310,360,87.2,82.4,92.1,0,1000
bft,default,issue-10tps,2,50,50,50,10.0,10.0,10.0,0,602
bft,default,issue-25tps,2,60,60,60,25.0,25.0,25.0,0,1502
bft,default,issue-50tps,2,60,60,60,50.0,50.0,50.0,0,3002
bft,default,issue-100tps,2,85,80,90,99.8,99.7,99.9,0,6002
bft,default,issue-150tps,2,175,170,180,142.2,139.3,145.1,2,8569
bft,default,issue-200tps,2,175,170,180,143.8,141.0,146.5,3,8654
bft,default,issue-300tps,2,175,170,180,145.2,141.4,149.0,2,8740
bft,default,verify-100tps,2,0,0,0,100.0,100.0,100.0,0,6002
bft,default,verify-200tps,2,0,0,0,200.0,200.0,200.0,0,12002
bft,default,verify-400tps,2,0,0,0,400.0,400.0,400.0,0,24002
bft,default,verify-600tps,2,0,0,0,580.2,571.7,588.8,0,34819
bft,default,audit-10tps,2,50,50,50,10.0,10.0,10.0,0,602
bft,default,audit-50tps,2,60,60,60,50.0,49.9,50.0,0,3002
bft,default,audit-100tps,2,80,80,80,99.9,99.9,99.9,0,6002
bft,default,audit-200tps,2,175,170,180,145.7,144.1,147.3,1,8775
bft,tuned,seed,2,325,320,330,87.5,86.8,88.3,0,1000
bft,tuned,issue-10tps,2,50,50,50,10.0,10.0,10.0,0,602
bft,tuned,issue-25tps,2,60,60,60,25.0,25.0,25.0,0,1502
bft,tuned,issue-50tps,2,60,60,60,49.9,49.9,49.9,0,3002
bft,tuned,issue-100tps,2,80,80,80,99.8,99.8,99.9,0,6002
bft,tuned,issue-150tps,2,180,170,190,144.8,141.7,148.0,2,8733
bft,tuned,issue-200tps,2,180,170,190,146.7,144.8,148.5,2,8832
bft,tuned,issue-300tps,2,180,180,180,147.0,145.7,148.3,2,8850
bft,tuned,verify-100tps,2,0,0,0,100.0,100.0,100.0,0,6002
bft,tuned,verify-200tps,2,0,0,0,200.0,200.0,200.0,0,12002
bft,tuned,verify-400tps,2,0,0,0,400.0,400.0,400.0,0,24002
bft,tuned,verify-600tps,2,0,0,0,580.5,578.3,582.8,0,34834
bft,tuned,audit-10tps,2,50,50,50,10.0,10.0,10.0,0,602
bft,tuned,audit-50tps,2,60,60,60,50.0,49.9,50.0,0,3002
bft,tuned,audit-100tps,2,75,70,80,99.8,99.8,99.9,0,6002
bft,tuned,audit-200tps,2,175,170,180,148.1,146.4,149.8,3,8909
raft,default,seed,2,225,160,290,81.9,70.3,93.5,0,1000
raft,default,issue-10tps,2,495,470,520,9.4,9.4,9.4,0,602
raft,default,issue-25tps,2,205,200,210,23.5,23.5,23.5,0,1502
raft,default,issue-50tps,2,110,110,110,46.9,46.9,46.9,0,3002
raft,default,issue-100tps,2,65,60,70,93.7,93.7,93.7,0,6002
raft,default,issue-150tps,2,50,40,60,140.6,140.6,140.6,0,9002
raft,default,issue-200tps,2,65,40,90,187.4,187.3,187.5,0,12002
raft,default,issue-300tps,2,65,40,90,234.6,188.0,281.1,0,15025
raft,default,verify-100tps,2,0,0,0,100.0,100.0,100.0,0,6002
raft,default,verify-200tps,2,0,0,0,200.0,200.0,200.0,0,12002
raft,default,verify-400tps,2,0,0,0,400.0,400.0,400.0,0,24002
raft,default,verify-600tps,2,0,0,0,580.5,560.9,600.0,0,34830
raft,default,audit-10tps,2,475,470,480,9.4,9.4,9.4,0,602
raft,default,audit-50tps,2,110,110,110,46.9,46.9,46.9,0,3002
raft,default,audit-100tps,2,65,60,70,93.7,93.7,93.7,0,6002
raft,default,audit-200tps,2,75,40,110,180.1,172.8,187.4,0,11535
raft,tuned,seed,2,335,330,340,81.3,75.8,86.8,0,1000
raft,tuned,issue-10tps,2,130,130,130,10.0,10.0,10.0,0,602
raft,tuned,issue-25tps,2,125,120,130,25.0,25.0,25.0,0,1502
raft,tuned,issue-50tps,2,130,130,130,49.8,49.8,49.8,1,3001
raft,tuned,issue-100tps,2,140,140,140,99.5,99.5,99.5,0,6002
raft,tuned,issue-150tps,2,155,150,160,149.7,149.5,149.8,0,9002
raft,tuned,issue-200tps,2,190,170,210,199.0,198.6,199.4,0,11999
raft,tuned,issue-300tps,2,215,210,220,205.1,197.2,213.0,0,12373
raft,tuned,verify-100tps,2,0,0,0,100.0,100.0,100.0,0,6002
raft,tuned,verify-200tps,2,0,0,0,200.0,200.0,200.0,0,12002
raft,tuned,verify-400tps,2,0,0,0,400.0,400.0,400.0,0,24002
raft,tuned,verify-600tps,2,0,0,0,557.8,536.3,579.3,0,33471
raft,tuned,audit-10tps,2,125,120,130,10.0,10.0,10.0,0,602
raft,tuned,audit-50tps,2,125,120,130,49.8,49.8,49.9,0,3002
raft,tuned,audit-100tps,2,140,140,140,99.4,99.3,99.5,0,6002
raft,tuned,audit-200tps,2,195,180,210,197.6,196.3,198.9,0,11916
