split,genuine,cosine,kind
calibration,1,0.0,Easy-Zcut
calibration,1,1.8766521152113511,Easy-Zcut
calibration,1,0.0,Easy-Obl
calibration,1,0.9803552108610558,Medium-Zcut
calibration,1,1.36780594999064,Medium-CR
calibration,1,0.0,Easy-Obl
calibration,1,1.8722297035713455,Medium-Zcut
calibration,1,1.3048109401761323,Hard-Zcut
calibration,1,1.3036491005942887,Easy-Zcut
calibration,1,0.0,Hard-Obl
calibration,1,1.538774628676736,Medium-Zcut
calibration,1,0.08463947056056781,Medium-CR
calibration,1,2.4513034839975814,Medium-Obl
calibration,1,0.0,Hard-Obl
calibration,1,0.0,Hard-Obl
calibration,1,2.346425074620265,Medium-CR
calibration,1,0.0,Medium-Zcut
calibration,1,0.0,Easy-Zcut
calibration,1,0.0,Medium-Obl
calibration,1,0.0,Easy-Zcut
calibration,1,0.8509926338191631,Easy-Zcut
calibration,1,0.0,Medium-CR
calibration,1,0.0,Easy-Obl
calibration,1,1.435584837973832,Easy-Zcut
calibration,1,1.317169640562334,Medium-CR
calibration,1,0.0,Medium-CR
calibration,1,0.04198816333088911,Hard-CR
calibration,1,1.2202285263936725,Easy-Zcut
calibration,1,0.0,Easy-CR
calibration,1,0.0,Medium-CR
calibration,1,1.366402513931296,Hard-Obl
calibration,1,3.1956231448138337,Hard-CR
calibration,1,1.0485354642306532,Medium-Zcut
calibration,1,4.806452982766869,Medium-CR
calibration,1,2.348224261774746,Hard-Obl
calibration,1,0.0,Medium-CR
calibration,1,1.5245233540612082,Easy-CR
calibration,1,0.0,Hard-Obl
calibration,1,0.6658650096851982,Hard-CR
calibration,1,0.8235712292134524,Hard-Obl
calibration,1,1.357540462667988,Hard-Obl
calibration,1,0.0,Hard-Obl
calibration,1,0.0,Hard-Obl
calibration,1,0.0,Medium-CR
calibration,1,0.0,Hard-Obl
calibration,1,0.0,Medium-Obl
calibration,1,1.001852185390123,Medium-Zcut
calibration,1,0.0,Hard-Obl
calibration,1,0.0,Easy-CR
calibration,1,0.0,Hard-Zcut
calibration,1,0.939611926515933,Medium-Zcut
calibration,1,0.5603652820772639,Medium-CR
calibration,1,1.6975116626790316,Easy-Obl
calibration,1,0.0,Easy-Obl
calibration,1,0.0,Easy-CR
calibration,1,0.0,Hard-Obl
calibration,1,1.6254459391018679,Easy-Zcut
calibration,1,0.0,Easy-Zcut
calibration,1,0.31087321826528824,Medium-CR
calibration,1,0.17326936375149884,Easy-Obl
calibration,1,1.4883155704880329,Easy-CR
calibration,1,0.0,Hard-Obl
calibration,1,0.21775425632933793,Hard-Zcut
calibration,1,0.0,Hard-Zcut
calibration,1,0.0,Hard-CR
calibration,1,1.1064192471144365,Hard-Zcut
calibration,1,5.824378093495287,Hard-CR
calibration,1,0.0,Easy-CR
calibration,1,0.0,Hard-Obl
calibration,1,0.37647406872544203,Medium-Zcut
calibration,1,0.0,Easy-Obl
calibration,1,0.0,Medium-Zcut
calibration,1,0.0,Easy-Obl
calibration,1,0.5692075279343136,Medium-Obl
calibration,1,0.0,Medium-Zcut
calibration,1,0.38612055794712996,Medium-CR
calibration,1,0.0,Medium-Obl
calibration,1,0.4091991662180239,Hard-CR
calibration,1,0.0,Medium-Zcut
calibration,1,1.8469037798325458,Hard-CR
calibration,1,2.443611221806413,Easy-Obl
calibration,1,0.9523055743191631,Hard-Zcut
calibration,1,0.7034435001820856,Medium-Zcut
calibration,1,1.3012185878381808,Easy-CR
calibration,1,0.0,Easy-Obl
calibration,1,2.3134709198373984,Easy-CR
calibration,1,4.373463729400973,Medium-Obl
calibration,1,5.432835806088242,Easy-Obl
calibration,1,0.0,Medium-Obl
calibration,1,5.423220826885048,Hard-Zcut
calibration,1,0.0,Medium-CR
calibration,1,0.8155366631149357,Medium-Obl
calibration,1,1.1462579866806115,Hard-Obl
calibration,1,0.43628794057490083,Hard-Obl
calibration,1,0.0,Hard-Obl
calibration,1,2.7318035616317076,Easy-CR
calibration,1,0.0,Medium-CR
calibration,1,0.0,Medium-CR
calibration,1,0.4411220443172328,Easy-Zcut
calibration,1,0.0,Medium-CR
calibration,1,0.0,Medium-CR
calibration,1,0.0,Hard-CR
calibration,1,0.0,Easy-Zcut
calibration,1,0.0,Hard-Obl
calibration,1,0.0,Easy-CR
calibration,1,1.4499077034801777,Easy-Zcut
calibration,1,0.5590726591525095,Easy-CR
calibration,1,4.669735486006857,Medium-Obl
calibration,1,0.0,Hard-CR
calibration,1,0.0,Medium-Zcut
calibration,1,0.65724261449066,Medium-CR
calibration,1,0.0,Hard-Zcut
calibration,1,0.0,Hard-Zcut
calibration,1,0.0,Easy-Zcut
calibration,1,2.2661870921304197,Easy-Obl
calibration,1,1.2402688212796962,Hard-Obl
calibration,1,1.006437651808398,Hard-CR
calibration,1,0.0,Easy-Zcut
calibration,1,0.0,Hard-Obl
calibration,1,0.0,Easy-Obl
calibration,1,0.6204817268515691,Easy-Zcut
calibration,1,1.1984137109838997,Hard-Obl
calibration,1,0.0,Medium-Zcut
calibration,1,0.8361522077756265,Medium-Obl
calibration,1,3.4935409896084146,Hard-Zcut
calibration,1,0.1971331743307841,Hard-Zcut
calibration,1,1.7443597112143352,Medium-Obl
calibration,1,4.624160755745647,Easy-CR
calibration,1,4.248797771465221,Medium-Obl
calibration,1,6.578608138119978,Easy-CR
calibration,1,0.0,Medium-Zcut
calibration,1,0.0,Easy-CR
calibration,1,2.763883752306216,Medium-Zcut
calibration,1,0.0,Hard-Obl
calibration,1,10.086307131417236,Medium-Zcut
calibration,1,0.0,Medium-CR
calibration,1,3.9543727632246632,Easy-Zcut
calibration,1,2.9060368558101044,Medium-Obl
calibration,1,0.26492254936773907,Hard-CR
calibration,1,0.0,Hard-Obl
calibration,1,0.0,Hard-CR
calibration,1,0.0,Hard-Obl
calibration,1,0.0,Easy-Obl
calibration,1,1.3283347525935605,Hard-Zcut
calibration,1,2.383755422942663,Easy-Obl
calibration,1,1.0213813683265587,Medium-Obl
calibration,1,0.3800056539144706,Hard-Zcut
calibration,1,0.0,Easy-CR
calibration,1,4.8060759162826185,Medium-Obl
calibration,1,1.3695012986667456,Hard-Obl
calibration,1,237.2523541791848,Easy-Zcut
calibration,1,2.6757989251098566,Easy-CR
calibration,1,0.0,Easy-CR
calibration,1,257.1590788354838,Easy-Obl
calibration,1,2.724765184803027,Hard-Obl
calibration,1,0.8414836151234459,Easy-Obl
calibration,1,0.03555979475367416,Easy-Obl
calibration,1,0.8178643601068847,Easy-CR
calibration,1,2.3305451248864557,Medium-Zcut
calibration,1,0.0,Medium-CR
calibration,1,0.0,Easy-Zcut
calibration,1,2.6865765897717804,Easy-Zcut
calibration,1,2.6521068928020815,Easy-CR
calibration,1,0.0,Easy-Zcut
calibration,1,3.1045171189955845,Medium-Obl
calibration,1,0.0,Easy-Obl
calibration,1,0.0,Easy-CR
calibration,1,1.4786226318467453,Easy-Obl
calibration,1,0.0,Easy-Obl
calibration,1,1.8619042925264564,Hard-Obl
calibration,1,0.0,Hard-CR
calibration,1,0.0,Medium-Obl
calibration,1,0.0,Easy-CR
calibration,1,0.0,Hard-Obl
calibration,1,0.0,Medium-Zcut
calibration,1,0.0,Medium-Obl
calibration,1,0.0,Hard-Obl
calibration,1,0.0,Easy-Obl
calibration,1,0.0,Medium-Obl
calibration,1,0.0,Easy-Zcut
calibration,1,0.8670395867115674,Easy-Obl
calibration,1,223.39076856434818,Medium-Obl
calibration,1,0.0,Hard-CR
calibration,1,1.6576154639728813,Medium-CR
calibration,1,0.0,Medium-Obl
calibration,1,2.301538020111881,Medium-CR
calibration,1,1.2928209526302465,Hard-CR
calibration,1,0.0,Easy-Zcut
calibration,1,0.0,Hard-Zcut
calibration,1,0.0,Medium-Zcut
calibration,1,1.7188188337571144,Easy-Zcut
calibration,1,0.6612019270489027,Medium-Obl
calibration,1,0.0,Easy-Zcut
calibration,1,0.0,Hard-Obl
calibration,1,0.0,Easy-Obl
calibration,1,0.0,Easy-Zcut
calibration,1,1.0422666313475482,Medium-Zcut
calibration,1,0.0,Medium-Obl
calibration,1,7.760167020941142,Hard-Obl
calibration,1,0.20563253382772256,Hard-Obl
calibration,1,1.396790565061893,Hard-Obl
calibration,1,2.5927989208667026,Medium-Obl
calibration,1,0.0,Easy-Obl
calibration,1,0.0,Easy-Zcut
calibration,1,4.459017063934432,Hard-Zcut
calibration,1,0.0,Easy-Zcut
calibration,1,0.0,Hard-Obl
calibration,1,2.8071768228720124,Easy-Zcut
calibration,1,1.9808195082986244,Easy-Zcut
calibration,1,1.765674607941159,Easy-CR
calibration,1,0.0,Hard-CR
calibration,1,0.0,Easy-Obl
calibration,1,1.1080221131999726,Easy-Zcut
calibration,1,2.5092421738269,Easy-Obl
calibration,1,2.571913566506185,Easy-Zcut
calibration,1,0.0,Medium-Obl
calibration,1,0.0,Easy-CR
calibration,1,0.0,Hard-Obl
calibration,1,0.0,Easy-CR
calibration,1,0.1966185613528844,Medium-CR
calibration,1,0.12013936201870186,Easy-Zcut
calibration,1,0.0,Hard-CR
calibration,1,0.0,Medium-CR
calibration,1,0.0,Medium-Zcut
calibration,1,0.0,Medium-Zcut
calibration,1,0.0,Easy-CR
calibration,1,0.4857918002896561,Medium-Zcut
calibration,1,0.0,Hard-Obl
calibration,1,0.0,Medium-CR
calibration,1,0.32936707027864526,Medium-CR
calibration,1,0.0,Easy-Obl
calibration,1,0.0,Medium-Zcut
calibration,1,6.518744643172006,Hard-Obl
calibration,1,0.6740688962646239,Hard-Obl
calibration,1,0.0,Easy-Zcut
calibration,1,0.0,Medium-Zcut
calibration,1,0.0,Medium-Obl
calibration,1,2.553132052072041,Medium-Zcut
calibration,1,2.783762736957928,Easy-CR
calibration,1,0.0,Hard-CR
calibration,1,0.0,Easy-Zcut
calibration,1,0.0,Easy-Obl
calibration,1,0.28035360753159266,Medium-Obl
calibration,1,0.0,Medium-CR
calibration,1,0.0,Medium-Zcut
calibration,1,1.1188598133502041,Medium-Obl
calibration,1,0.0,Easy-Obl
calibration,1,2.4345790257010247,Hard-CR
calibration,1,2.5303392784115704,Easy-Zcut
calibration,1,0.0,Hard-CR
calibration,1,0.0,Easy-Zcut
calibration,1,0.0,Hard-Obl
calibration,1,0.0,Hard-Obl
calibration,1,0.9106418040085156,Hard-CR
calibration,1,1.2868978260019865,Hard-Obl
calibration,1,0.8729195037748165,Medium-Zcut
calibration,1,0.464614095660012,Hard-Obl
calibration,1,0.0,Medium-Zcut
calibration,1,4.387245540094529,Hard-CR
calibration,1,0.0,Medium-CR
calibration,1,2.0025667897322323,Hard-Zcut
calibration,1,0.0,Easy-Obl
calibration,1,0.0,Medium-Obl
calibration,1,1.8867659837111734,Medium-Obl
calibration,1,4.383090963564271,Easy-Zcut
calibration,1,1.439354367549556,Medium-CR
calibration,1,0.0,Hard-CR
calibration,1,1.7288384945336839,Medium-CR
calibration,1,0.143863349711841,Easy-Zcut
calibration,1,3.157227325932758,Easy-Obl
calibration,1,0.0,Medium-Zcut
calibration,1,0.0,Medium-Obl
calibration,1,1.890159257682731,Easy-Zcut
calibration,1,0.0,Hard-Zcut
calibration,1,0.0,Easy-Obl
calibration,1,1.7464509312541063,Easy-Obl
calibration,1,0.0,Easy-CR
calibration,1,1.7341363529679368,Hard-Zcut
calibration,1,0.0,Medium-CR
calibration,1,0.28516966336485233,Easy-CR
calibration,1,2.8137280478315696,Easy-Zcut
calibration,1,6.248158757669532,Medium-Zcut
calibration,1,0.0,Medium-CR
calibration,1,1.6708165908394228,Medium-CR
calibration,1,2.7436915768696863,Hard-CR
calibration,1,0.0,Medium-Zcut
calibration,1,1.3920257582311115,Easy-Obl
calibration,1,0.0,Hard-Zcut
calibration,1,1.806590974251012,Easy-Obl
calibration,1,0.0,Hard-CR
calibration,1,0.0,Easy-CR
calibration,1,0.5770637960894248,Hard-Zcut
calibration,1,1.078055452949656,Easy-Obl
calibration,1,6.9960461608314635,Easy-Obl
calibration,1,0.9016494736901606,Easy-Zcut
calibration,1,1.9313803295398646,Easy-Obl
calibration,1,0.996486981389084,Medium-CR
calibration,1,0.41012539537254356,Hard-CR
calibration,1,0.0,Hard-Obl
calibration,1,0.0,Hard-Zcut
calibration,1,1.1984137109838997,Medium-Obl
calibration,1,0.0,Easy-Obl
calibration,1,1.4089335716687725,Hard-Zcut
calibration,1,0.0,Medium-Obl
calibration,1,1.3861235820237487,Hard-CR
calibration,1,0.0,Easy-CR
calibration,1,4.50224893840122,Medium-Obl
calibration,1,1.4661231388430014,Medium-Zcut
calibration,1,0.0,Medium-CR
calibration,1,0.0,Hard-CR
calibration,1,0.0,Easy-Obl
calibration,1,0.0,Medium-Obl
calibration,1,0.0,Medium-CR
calibration,1,3.3239607022752256,Easy-Obl
calibration,1,0.0,Easy-CR
calibration,1,0.0,Hard-Zcut
calibration,1,0.0,Medium-Obl
calibration,1,0.0,Easy-Zcut
calibration,1,0.31094422231557806,Easy-Zcut
calibration,1,0.0,Medium-CR
calibration,1,0.4779000182599178,Medium-Obl
calibration,1,0.0,Easy-Obl
calibration,1,0.34993460194899106,Hard-CR
calibration,1,0.0,Medium-Zcut
calibration,1,0.5300429879444388,Hard-Zcut
calibration,1,3.8629265331622813,Easy-Obl
calibration,1,0.0,Medium-CR
calibration,1,0.0,Hard-Obl
calibration,1,0.0,Easy-Zcut
calibration,1,2.0093660355343705,Medium-Obl
calibration,1,0.9470618435316063,Hard-Obl
calibration,1,2.0192394217185337,Medium-Zcut
calibration,1,0.0,Easy-Zcut
calibration,1,1.039877364170255,Medium-Obl
calibration,1,0.0,Hard-Obl
calibration,1,0.24551118644725095,Medium-Obl
calibration,1,0.0,Medium-Zcut
calibration,1,1.1251282551025552,Easy-Obl
calibration,1,2.9829718213919145,Hard-Obl
calibration,1,0.0,Easy-Zcut
calibration,1,0.0,Easy-Zcut
calibration,1,0.09114452952498912,Hard-CR
calibration,1,0.0,Easy-Zcut
calibration,1,0.0,Medium-Zcut
calibration,1,0.0,Easy-CR
calibration,1,0.9989030753881271,Easy-Obl
calibration,1,1.0608597695630662,Medium-Zcut
calibration,1,0.6307755107914161,Medium-CR
calibration,1,0.0,Easy-Obl
calibration,1,0.0,Easy-Zcut
calibration,1,0.0,Medium-Obl
calibration,1,1.1619193026144918,Easy-CR
calibration,1,0.0,Easy-Obl
calibration,1,9.179757720638055,Hard-Obl
calibration,1,0.1536943880190071,Medium-CR
calibration,1,0.0,Easy-Obl
calibration,1,5.251322468490564,Hard-Zcut
calibration,1,6.089171675592349,Easy-Obl
calibration,1,0.854102884482095,Easy-Zcut
calibration,1,0.0,Medium-Obl
calibration,1,5.777909710935969,Medium-Zcut
calibration,1,0.0,Easy-Obl
calibration,1,0.2596718691824662,Medium-CR
calibration,1,0.6592200365113122,Easy-Zcut
calibration,1,0.0,Medium-Zcut
calibration,1,8.00126289684324,Medium-Obl
calibration,1,0.0,Hard-Zcut
calibration,1,0.0,Medium-Zcut
calibration,1,0.6654100870497957,Hard-CR
calibration,1,1.1712415931681228,Medium-Obl
calibration,1,0.6173032836331722,Easy-CR
calibration,1,1.7740274706354873,Hard-Obl
calibration,1,0.0,Hard-Obl
calibration,1,0.0,Medium-CR
calibration,1,0.4081189537571257,Medium-Obl
calibration,1,1.8766920298872187,Easy-Obl
calibration,1,2.334384484938185,Hard-CR
calibration,1,2.2933129225377895,Medium-Zcut
calibration,1,1.730972047706882,Easy-Zcut
calibration,1,2.4286053943005843,Hard-Zcut
calibration,1,0.0,Medium-Zcut
calibration,1,0.0,Medium-Zcut
calibration,1,0.3483534492759108,Medium-Zcut
calibration,1,0.0,Hard-Obl
calibration,1,0.8798118726103823,Hard-Zcut
calibration,1,0.6385409872067142,Medium-Obl
calibration,1,0.0,Medium-Zcut
calibration,1,0.370892799708496,Easy-Obl
calibration,1,1.6780022648448778,Easy-Zcut
calibration,1,0.0,Medium-CR
calibration,1,0.0,Medium-Obl
calibration,1,0.0,Hard-Zcut
calibration,1,15.184261461105251,Easy-Zcut
calibration,1,0.0,Medium-Obl
calibration,1,0.0,Hard-Obl
calibration,1,0.0,Easy-Obl
calibration,1,1.0830049792255634,Medium-CR
calibration,1,2.858464256073391,Medium-CR
calibration,1,0.0,Hard-CR
calibration,1,0.4415447356232986,Hard-Zcut
calibration,1,1.170642562446755,Easy-Obl
calibration,1,0.0,Medium-CR
calibration,1,0.0,Easy-Obl
calibration,1,0.0,Easy-Obl
calibration,1,7.155056150370648,Medium-Obl
calibration,1,2.7066709194549476,Easy-Zcut
calibration,1,2.464936195639445,Easy-CR
calibration,1,1.89351055716737,Hard-Zcut
calibration,1,0.7643547274601081,Hard-CR
calibration,1,11.148032043470057,Medium-CR
calibration,1,0.0,Hard-Obl
calibration,1,0.0,Medium-Zcut
calibration,1,0.0,Medium-Zcut
calibration,1,0.0,Medium-Zcut
calibration,1,1.6137196938474716,Hard-Obl
calibration,1,0.047537799697967995,Easy-Obl
calibration,1,0.0,Medium-Obl
calibration,1,1.0960622933505815,Hard-Obl
calibration,1,39.85359768619867,Medium-Zcut
calibration,1,0.0,Medium-Zcut
calibration,1,0.0,Easy-Obl
calibration,1,0.0,Easy-Obl
calibration,1,0.0,Easy-CR
calibration,1,0.0,Medium-Zcut
calibration,1,1.1009857710544821,Medium-Zcut
calibration,1,0.0,Medium-Zcut
calibration,1,0.0,Easy-CR
calibration,1,1.8579429627149624,Medium-Obl
calibration,1,0.0,Easy-CR
calibration,1,0.7107850682987444,Medium-Zcut
calibration,1,1.3880631028806965,Medium-CR
calibration,1,6.267341085309316,Medium-CR
calibration,1,0.0,Medium-CR
calibration,1,0.0,Medium-CR
calibration,1,0.0,Easy-CR
calibration,1,0.0,Medium-Obl
calibration,1,0.0,Easy-Zcut
calibration,1,11.950123404649954,Easy-Obl
calibration,1,0.3819747870340766,Medium-Zcut
calibration,1,0.0,Easy-Zcut
calibration,1,0.0,Medium-CR
calibration,1,0.0,Easy-CR
calibration,1,0.0,Hard-Obl
calibration,1,0.0,Medium-CR
calibration,1,6.465875511182752,Easy-Obl
calibration,1,0.0,Medium-Zcut
calibration,1,1.3783194894696167,Easy-Zcut
calibration,1,0.0,Easy-Obl
calibration,1,2.292964278039956,Easy-CR
calibration,1,0.0,Hard-Zcut
calibration,1,0.7369905104795539,Easy-Zcut
calibration,1,0.0,Medium-Zcut
calibration,1,0.0,Easy-Zcut
calibration,1,1.2915008321960206,Hard-CR
calibration,1,2.2683420186201793,Medium-Zcut
calibration,1,0.0,Easy-Zcut
calibration,1,0.0,Easy-Zcut
calibration,1,1.8561201917072696,Easy-CR
calibration,1,1.6499677419230778,Hard-CR
calibration,1,1.8054504856184415,Hard-CR
calibration,1,0.0,Easy-Obl
calibration,1,1.404884670579859,Medium-Zcut
calibration,1,1.2868978260019865,Hard-Obl
calibration,1,3.6737103923904324,Medium-CR
calibration,1,0.0,Hard-CR
calibration,1,1.6705395964620584,Medium-CR
calibration,1,0.0,Medium-CR
calibration,1,0.17747829989764075,Easy-Zcut
calibration,1,0.9324155890813606,Easy-Zcut
calibration,1,0.370892799708496,Easy-Obl
calibration,1,0.0,Hard-Zcut
calibration,1,0.0,Hard-Obl
calibration,1,0.0,Hard-Obl
calibration,1,3.05182597830109,Easy-Zcut
calibration,1,0.0,Easy-Obl
calibration,1,0.0,Medium-Zcut
calibration,1,0.0,Medium-Zcut
calibration,1,0.0,Medium-CR
calibration,1,0.0,Medium-Obl
calibration,1,0.0,Medium-CR
calibration,1,0.8782267681455417,Medium-Obl
calibration,1,0.0,Medium-Zcut
calibration,1,0.0,Medium-CR
calibration,1,0.8522970475818075,Medium-CR
calibration,1,2.7853080339649274,Medium-Zcut
calibration,1,0.8131491626535615,Medium-CR
calibration,1,16.148794057115442,Hard-CR
calibration,1,0.0,Medium-Zcut
calibration,1,0.1194157734607576,Easy-CR
calibration,1,0.0,Medium-Zcut
calibration,1,0.7124026557214985,Medium-Zcut
calibration,1,0.0,Medium-CR
calibration,1,0.0,Medium-Obl
calibration,1,4.7481723831351035,Medium-Zcut
calibration,1,1.8289569791752514,Medium-Zcut
calibration,1,0.0,Hard-Obl
calibration,1,0.6102528677936352,Hard-Zcut
calibration,1,0.0,Medium-Zcut
calibration,1,8.51642816243281,Easy-Zcut
calibration,1,0.0,Medium-Zcut
calibration,1,10.440762265233383,Medium-CR
calibration,1,4.324597292294147,Easy-CR
calibration,1,0.0,Easy-Zcut
calibration,1,0.0,Hard-Obl
calibration,1,0.0,Easy-CR
calibration,1,0.0,Hard-Obl
calibration,1,0.0,Medium-Obl
calibration,1,3.9447010658049004,Medium-CR
calibration,1,0.799395620697863,Easy-CR
calibration,1,0.0,Hard-CR
calibration,1,2.1370340826193894,Medium-Obl
calibration,1,0.0,Medium-CR
calibration,1,4.354413948425178,Easy-CR
calibration,1,8.836933721468508,Hard-Obl
calibration,1,0.7691973541025872,Easy-Obl
calibration,1,0.0,Medium-Obl
calibration,1,0.0,Easy-CR
calibration,1,0.0,Hard-CR
calibration,1,0.0,Medium-CR
calibration,1,0.0,Medium-CR
calibration,1,0.0,Easy-CR
calibration,1,0.0,Hard-Obl
calibration,1,3.575744172378154,Medium-Obl
calibration,1,2.1361915805754093,Medium-CR
calibration,1,0.0,Medium-Obl
calibration,1,2.512664759152153,Hard-Obl
calibration,1,0.0,Medium-Obl
calibration,1,0.9796952766404662,Medium-Zcut
calibration,1,0.0,Easy-CR
calibration,1,0.0,Easy-CR
calibration,1,0.0,Medium-CR
calibration,1,1.7562518133269225,Easy-Zcut
calibration,1,6.399719178374305,Hard-CR
calibration,1,0.9228274011806454,Medium-CR
calibration,1,6.240022153698819,Hard-CR
calibration,1,0.0,Hard-CR
calibration,1,0.9992388093816564,Easy-Obl
calibration,1,0.0,Medium-Zcut
calibration,1,0.0,Hard-CR
calibration,1,0.0,Medium-Obl
calibration,1,1.3880631028806965,Medium-CR
calibration,1,4.256434647145385,Easy-Obl
calibration,1,0.0,Hard-CR
calibration,1,0.5646292904665433,Hard-CR
calibration,1,1.4937422898698913,Easy-Obl
calibration,1,0.0,Easy-Obl
calibration,1,0.0,Hard-Obl
calibration,1,0.0,Easy-Obl
calibration,1,0.0,Easy-Obl
calibration,1,1.3171003086330535,Hard-Zcut
calibration,1,0.0,Medium-Zcut
calibration,1,0.0,Medium-CR
calibration,1,0.0,Medium-Zcut
calibration,1,0.0,Easy-CR
calibration,1,0.0,Easy-CR
calibration,1,0.0,Medium-Obl
calibration,1,0.0,Easy-CR
calibration,1,0.0,Hard-Zcut
calibration,1,0.0,Medium-CR
calibration,1,0.7717796035741968,Easy-CR
calibration,1,0.0,Hard-Obl
calibration,1,1.636499230745008,Medium-CR
calibration,1,0.9063371526877754,Hard-Obl
calibration,1,0.0,Easy-Zcut
calibration,1,0.0,Medium-CR
calibration,1,0.0,Medium-Zcut
calibration,1,0.0,Hard-CR
calibration,1,0.0,Easy-CR
calibration,1,2.794419778880978,Medium-CR
calibration,1,1.1107834215382333,Easy-Obl
calibration,1,0.0,Medium-Obl
calibration,1,0.0,Easy-Zcut
calibration,1,0.944178530139167,Medium-CR
calibration,1,10.155251026510834,Hard-CR
calibration,1,0.0,Easy-Zcut
calibration,1,0.0,Easy-Obl
calibration,1,0.4079504184857486,Easy-Zcut
calibration,1,8.54969551049988,Easy-Obl
calibration,1,0.0,Hard-Obl
calibration,1,0.0,Easy-Zcut
calibration,1,1.2303022020346637,Medium-CR
calibration,1,0.0,Easy-Obl
calibration,1,1.141460599602659,Hard-CR
calibration,1,0.6305716080429182,Medium-CR
calibration,1,0.0,Hard-CR
calibration,1,0.0,Medium-Zcut
calibration,1,2.017991011926534,Easy-Zcut
calibration,1,5.373913007761543,Easy-CR
calibration,1,0.0,Medium-Obl
calibration,1,0.0,Medium-CR
calibration,1,6.196439850666281,Easy-Obl
calibration,1,0.0,Easy-Obl
calibration,1,1.9438589060726859,Medium-CR
calibration,1,0.0,Hard-Obl
calibration,1,0.0,Hard-Obl
calibration,1,0.0,Hard-Obl
calibration,1,4.72804750982308,Easy-Zcut
calibration,1,6.2560155856805775,Easy-CR
calibration,1,0.0,Hard-Zcut
calibration,1,0.0,Easy-Obl
calibration,0,0.0,impostor
calibration,0,1.12602825353983,impostor
calibration,0,0.0,impostor
calibration,0,2.696532619022804,impostor
calibration,0,0.0,impostor
calibration,0,0.0,impostor
calibration,0,0.0,impostor
calibration,0,0.13112040107974898,impostor
calibration,0,0.0,impostor
calibration,0,0.0,impostor
calibration,0,0.0,impostor
calibration,0,0.0,impostor
calibration,0,1.913504964427426,impostor
calibration,0,1.1962704186308208,impostor
calibration,0,0.7961630846817542,impostor
calibration,0,0.27220939192167,impostor
calibration,0,0.0,impostor
calibration,0,0.598459797046887,impostor
calibration,0,0.0,impostor
calibration,0,8.757024888382189,impostor
calibration,0,0.0,impostor
calibration,0,1.9718038624990513,impostor
calibration,0,1.1030848259283057,impostor
calibration,0,0.0,impostor
calibration,0,1.1406759981358343,impostor
calibration,0,0.0,impostor
calibration,0,0.9223118019479144,impostor
calibration,0,2.6272594137578977,impostor
calibration,0,0.0,impostor
calibration,0,0.05134685043948814,impostor
calibration,0,4.559099565969734,impostor
calibration,0,0.7711003992955872,impostor
calibration,0,0.0,impostor
calibration,0,0.0,impostor
calibration,0,2.3020868901588973,impostor
calibration,0,4.761123062893054,impostor
calibration,0,1.0319561403982849,impostor
calibration,0,0.0,impostor
calibration,0,1.655979713160769,impostor
calibration,0,0.0,impostor
calibration,0,0.5275115928874098,impostor
calibration,0,0.0,impostor
calibration,0,1.3046401310380884,impostor
calibration,0,5.090094495771945,impostor
calibration,0,0.0,impostor
calibration,0,0.0,impostor
calibration,0,4.024751301470311,impostor
calibration,0,2.8695333777423047,impostor
calibration,0,0.0,impostor
calibration,0,4.494777636166335,impostor
calibration,0,1.0191903614036208,impostor
calibration,0,0.0,impostor
calibration,0,0.0,impostor
calibration,0,1.4858731265683143,impostor
calibration,0,1.538883752306214,impostor
calibration,0,0.0,impostor
calibration,0,0.30788856535553183,impostor
calibration,0,1.3329205123545775,impostor
calibration,0,1.6288793982147107,impostor
calibration,0,4.121473257144902,impostor
calibration,0,0.0,impostor
calibration,0,0.0,impostor
calibration,0,0.5613173642723284,impostor
calibration,0,0.0,impostor
calibration,0,0.0,impostor
calibration,0,0.0,impostor
calibration,0,0.1365705594653655,impostor
calibration,0,0.0,impostor
calibration,0,1.9254464018178177,impostor
calibration,0,0.0,impostor
calibration,0,0.0,impostor
calibration,0,0.0,impostor
calibration,0,2.026661690621289,impostor
calibration,0,0.8108132671179848,impostor
calibration,0,0.0,impostor
calibration,0,0.0,impostor
calibration,0,0.0,impostor
calibration,0,0.0,impostor
calibration,0,0.0,impostor
calibration,0,0.0,impostor
calibration,0,0.0,impostor
calibration,0,0.0,impostor
calibration,0,0.0,impostor
calibration,0,0.0,impostor
calibration,0,0.0,impostor
calibration,0,1.3637093108744196,impostor
calibration,0,0.0,impostor
calibration,0,2.4086310942099365,impostor
calibration,0,0.0,impostor
calibration,0,0.0,impostor
calibration,0,0.22509640329159253,impostor
calibration,0,0.0,impostor
calibration,0,0.23308295552165043,impostor
calibration,0,1.0371458285666804,impostor
calibration,0,0.0,impostor
calibration,0,0.0,impostor
calibration,0,0.43360479027790755,impostor
calibration,0,1.1295625899950938,impostor
calibration,0,4.671772779288142,impostor
calibration,0,1.33409749485014,impostor
calibration,0,0.0,impostor
calibration,0,1.5726298549062738,impostor
calibration,0,0.0,impostor
calibration,0,0.0,impostor
calibration,0,0.0,impostor
calibration,0,1.4641386703212493,impostor
calibration,0,6.780455319470729,impostor
calibration,0,0.0,impostor
calibration,0,0.0,impostor
calibration,0,7.243339639351039,impostor
calibration,0,0.0,impostor
calibration,0,0.0,impostor
calibration,0,1.539791659750306,impostor
calibration,0,19.86954243365409,impostor
calibration,0,0.0,impostor
calibration,0,0.0,impostor
calibration,0,0.17827799065616062,impostor
calibration,0,0.0,impostor
calibration,0,1.3778002820916464,impostor
calibration,0,0.0,impostor
calibration,0,2.6172050249048615,impostor
calibration,0,0.2633606239354422,impostor
calibration,0,0.0,impostor
calibration,0,0.0,impostor
calibration,0,0.0,impostor
calibration,0,7.814513880961007,impostor
calibration,0,0.0,impostor
calibration,0,0.44614868589025164,impostor
calibration,0,0.0,impostor
calibration,0,0.0,impostor
calibration,0,0.1701717542306394,impostor
calibration,0,3.2197401126508303,impostor
calibration,0,0.1005315376230024,impostor
calibration,0,0.0,impostor
calibration,0,1.4330019432139554,impostor
calibration,0,6.211198209596489,impostor
calibration,0,2.311955377650566,impostor
calibration,0,0.9351549556263216,impostor
calibration,0,1.202433555561067,impostor
calibration,0,0.0,impostor
calibration,0,0.0,impostor
calibration,0,0.6943065994790385,impostor
calibration,0,0.0,impostor
calibration,0,1.3988024594186865,impostor
calibration,0,1.8506656082227435,impostor
calibration,0,0.9672240299813126,impostor
calibration,0,0.0,impostor
calibration,0,0.8861184026811517,impostor
calibration,0,0.0,impostor
calibration,0,0.0,impostor
calibration,0,0.0,impostor
calibration,0,0.0,impostor
calibration,0,1.9789948294683106,impostor
calibration,0,0.007119134267056947,impostor
calibration,0,1.7900066347969539,impostor
calibration,0,0.0,impostor
calibration,0,0.15633433137115016,impostor
calibration,0,0.0,impostor
calibration,0,2.8066552522472863,impostor
calibration,0,0.5770782405660921,impostor
calibration,0,0.0,impostor
calibration,0,0.0,impostor
calibration,0,0.8960883228720486,impostor
calibration,0,0.0,impostor
calibration,0,0.0,impostor
calibration,0,0.0,impostor
calibration,0,0.3669140653710986,impostor
calibration,0,0.9005861213484723,impostor
calibration,0,1.0927852676530307,impostor
calibration,0,0.4728518108179518,impostor
calibration,0,9.447738800628617,impostor
calibration,0,1.6705395964620584,impostor
calibration,0,0.0,impostor
calibration,0,0.0,impostor
calibration,0,2.238616926542905,impostor
calibration,0,0.0,impostor
calibration,0,1.6951845706193969,impostor
calibration,0,0.2296270009927887,impostor
calibration,0,5.13362712323227,impostor
calibration,0,1.911576996270297,impostor
calibration,0,0.5260161531346667,impostor
calibration,0,0.0,impostor
calibration,0,5.858554326407523,impostor
calibration,0,1.8201821938788103,impostor
calibration,0,0.0,impostor
calibration,0,0.0,impostor
calibration,0,0.0,impostor
calibration,0,1.4305387890933372,impostor
calibration,0,0.8649347318948564,impostor
calibration,0,0.0,impostor
calibration,0,1.5496852124834959,impostor
calibration,0,0.0,impostor
calibration,0,0.0,impostor
calibration,0,0.7302829771510314,impostor
calibration,0,0.0,impostor
calibration,0,0.0,impostor
calibration,0,0.0,impostor
calibration,0,0.0,impostor
calibration,0,1.063126176548638,impostor
calibration,0,0.0,impostor
calibration,0,1.8043944273586878,impostor
calibration,0,0.8337748523895516,impostor
calibration,0,0.3850064635284227,impostor
calibration,0,0.07559814323970089,impostor
calibration,0,0.0,impostor
calibration,0,0.0,impostor
calibration,0,0.0,impostor
calibration,0,2.253490051465168,impostor
calibration,0,0.8782089019214718,impostor
calibration,0,0.45150914076591264,impostor
calibration,0,1.4379140091166998,impostor
calibration,0,2.596405162938409,impostor
calibration,0,0.9294500282297546,impostor
calibration,0,0.0,impostor
calibration,0,0.9548590599992703,impostor
calibration,0,0.9858190140142022,impostor
calibration,0,0.0,impostor
calibration,0,0.0,impostor
calibration,0,0.0,impostor
calibration,0,0.0,impostor
calibration,0,0.6998097831334369,impostor
calibration,0,0.2593456290218183,impostor
calibration,0,0.6055954190018842,impostor
calibration,0,3.3872928100859205,impostor
calibration,0,0.9275003304489396,impostor
calibration,0,0.0,impostor
calibration,0,4.638551959074133,impostor
calibration,0,0.037289495384163956,impostor
calibration,0,0.0,impostor
calibration,0,0.0,impostor
calibration,0,2.1634696957844146,impostor
calibration,0,0.0,impostor
calibration,0,1.4823812713260425,impostor
calibration,0,2.2006458538410434,impostor
calibration,0,1.0534468032367599,impostor
calibration,0,1.633046419838648,impostor
calibration,0,0.09180877897844875,impostor
calibration,0,1.8739171849036789,impostor
calibration,0,0.9957641047915476,impostor
calibration,0,1.1693604832299476,impostor
calibration,0,0.7006575637798771,impostor
calibration,0,1.83619780189299,impostor
calibration,0,2.118800299310739,impostor
calibration,0,0.0,impostor
calibration,0,0.0,impostor
calibration,0,0.0,impostor
calibration,0,0.5767281049232936,impostor
calibration,0,1.3728298914684527,impostor
calibration,0,0.0,impostor
calibration,0,0.9623908356387847,impostor
calibration,0,0.0,impostor
calibration,0,2.00247958575749,impostor
calibration,0,0.20364435149853116,impostor
calibration,0,1.7288384945336839,impostor
calibration,0,0.8797282758865743,impostor
calibration,0,1.9629829083833474,impostor
calibration,0,2.613764582507381,impostor
calibration,0,0.0,impostor
calibration,0,0.5822644475333582,impostor
calibration,0,0.0,impostor
calibration,0,0.4728715870520728,impostor
calibration,0,0.0,impostor
calibration,0,1.1733525076257363,impostor
calibration,0,0.0,impostor
calibration,0,1.21806629543384,impostor
calibration,0,0.0,impostor
calibration,0,1.8215451188124985,impostor
calibration,0,1.1619193026144918,impostor
calibration,0,0.0,impostor
calibration,0,1.2481490760995348,impostor
calibration,0,1.0036484097222713,impostor
calibration,0,1.0752220650085575,impostor
calibration,0,0.9855016619501322,impostor
calibration,0,1.527994683779133,impostor
calibration,0,1.8060477896575438,impostor
calibration,0,0.9796952766404662,impostor
calibration,0,0.0,impostor
calibration,0,0.0,impostor
calibration,0,7.615052338939465,impostor
calibration,0,0.456668072768718,impostor
calibration,0,0.9207563791039076,impostor
calibration,0,0.3894047841963971,impostor
calibration,0,1.3740667272995535,impostor
calibration,0,0.0,impostor
calibration,0,0.0,impostor
calibration,0,0.7216679681234338,impostor
calibration,0,0.0,impostor
calibration,0,0.0,impostor
calibration,0,1.2898188386361784,impostor
calibration,0,0.0,impostor
calibration,0,0.6306606195170794,impostor
calibration,0,1.7926474393977148,impostor
calibration,0,0.7245816402768288,impostor
calibration,0,1.036266005893689,impostor
calibration,0,0.590971139715963,impostor
calibration,0,1.0897224535046859,impostor
calibration,0,0.4419380437692594,impostor
calibration,0,1.678762737559135,impostor
calibration,0,3.831320951764149,impostor
calibration,0,0.0,impostor
calibration,0,0.0,impostor
calibration,0,1.269145501197171,impostor
calibration,0,0.0,impostor
calibration,0,0.0,impostor
calibration,0,0.694840563016291,impostor
calibration,0,6.982213205200763,impostor
calibration,0,0.658021071486242,impostor
calibration,0,0.0,impostor
calibration,0,0.0,impostor
calibration,0,2.2756552088093915,impostor
calibration,0,0.0,impostor
calibration,0,0.0,impostor
calibration,0,0.0,impostor
calibration,0,0.0,impostor
calibration,0,0.0,impostor
calibration,0,2.2326924037534406,impostor
calibration,0,0.0,impostor
calibration,0,0.0,impostor
calibration,0,0.0,impostor
calibration,0,0.0,impostor
calibration,0,0.0,impostor
calibration,0,0.0,impostor
calibration,0,2.627953292801109,impostor
calibration,0,0.0,impostor
calibration,0,3.678707378396048,impostor
calibration,0,0.0,impostor
calibration,0,0.20097899138406294,impostor
calibration,0,1.112254241107,impostor
calibration,0,0.014902330016112901,impostor
calibration,0,0.0,impostor
calibration,0,0.3600300631392537,impostor
calibration,0,0.0,impostor
calibration,0,0.7735428432153039,impostor
calibration,0,0.6550334920213743,impostor
calibration,0,0.4730245489721061,impostor
calibration,0,0.8801220418640918,impostor
calibration,0,0.0,impostor
calibration,0,0.0,impostor
calibration,0,0.0,impostor
calibration,0,0.22729491187694081,impostor
calibration,0,0.0,impostor
calibration,0,0.0,impostor
calibration,0,0.47178745735914296,impostor
calibration,0,0.9977124236348852,impostor
calibration,0,0.0,impostor
calibration,0,0.642083679353232,impostor
calibration,0,2.1172803858697646,impostor
calibration,0,0.0,impostor
calibration,0,0.0,impostor
calibration,0,0.38519861915936915,impostor
calibration,0,0.0,impostor
calibration,0,0.0,impostor
calibration,0,11.108396320687088,impostor
calibration,0,0.0,impostor
calibration,0,0.0,impostor
calibration,0,0.0,impostor
calibration,0,0.0,impostor
calibration,0,0.0,impostor
calibration,0,0.0,impostor
calibration,0,0.0,impostor
calibration,0,1.7167989936652612,impostor
calibration,0,0.0,impostor
calibration,0,0.0,impostor
calibration,0,0.0,impostor
calibration,0,0.0,impostor
calibration,0,0.0,impostor
calibration,0,0.0,impostor
calibration,0,0.0,impostor
calibration,0,0.0,impostor
calibration,0,2.346425074620265,impostor
calibration,0,0.0,impostor
calibration,0,0.0,impostor
calibration,0,0.0,impostor
calibration,0,0.0,impostor
calibration,0,0.3667693541665499,impostor
calibration,0,0.6635592862164765,impostor
calibration,0,0.0,impostor
calibration,0,0.0,impostor
calibration,0,0.0,impostor
calibration,0,1.600482427419768,impostor
calibration,0,3.6983799897157668,impostor
calibration,0,0.09827322646841602,impostor
calibration,0,0.43084065903584734,impostor
calibration,0,0.2723789150018334,impostor
calibration,0,0.8835455655381761,impostor
calibration,0,0.0,impostor
calibration,0,0.0,impostor
calibration,0,1.646457836700308,impostor
calibration,0,0.0,impostor
calibration,0,0.0,impostor
calibration,0,1.13041901307263,impostor
calibration,0,0.5767281049232936,impostor
calibration,0,4.036449770048977,impostor
calibration,0,1.3101231848755925,impostor
calibration,0,0.0,impostor
calibration,0,0.0,impostor
calibration,0,1.4072729668787685,impostor
calibration,0,0.3741688626714758,impostor
calibration,0,0.0,impostor
calibration,0,0.0,impostor
calibration,0,0.0,impostor
calibration,0,0.8383921181567444,impostor
calibration,0,0.0,impostor
calibration,0,0.798761687828945,impostor
calibration,0,0.0,impostor
calibration,0,1.2135504774369688,impostor
calibration,0,1.937309720448821,impostor
calibration,0,0.0,impostor
calibration,0,0.0,impostor
calibration,0,2.255263458458647,impostor
calibration,0,1.6213620844316663,impostor
calibration,0,1.51088059225873,impostor
calibration,0,0.0,impostor
calibration,0,0.0,impostor
calibration,0,1.2787450891663066,impostor
calibration,0,0.652969122311096,impostor
calibration,0,2.1285987646620756,impostor
calibration,0,0.9452050983859497,impostor
calibration,0,0.6715204181949943,impostor
calibration,0,0.0,impostor
calibration,0,0.12150938353894052,impostor
calibration,0,5.09172671706864,impostor
calibration,0,0.0,impostor
calibration,0,0.0,impostor
calibration,0,0.0,impostor
calibration,0,0.5382145597054535,impostor
calibration,0,0.0,impostor
calibration,0,0.0,impostor
calibration,0,0.0,impostor
calibration,0,7.267562605702777,impostor
calibration,0,0.0,impostor
calibration,0,0.45073796362726815,impostor
calibration,0,2.233418908862462,impostor
calibration,0,0.0,impostor
calibration,0,0.0,impostor
calibration,0,2.5321058327848833,impostor
calibration,0,0.4190366795124636,impostor
calibration,0,0.0,impostor
calibration,0,1.0776176380670757,impostor
calibration,0,0.7131368263660276,impostor
calibration,0,0.9039293739032919,impostor
calibration,0,0.0,impostor
calibration,0,0.0,impostor
calibration,0,0.6290815287646677,impostor
calibration,0,0.0,impostor
calibration,0,0.0,impostor
calibration,0,0.058424183020700994,impostor
calibration,0,0.0,impostor
calibration,0,0.0,impostor
calibration,0,0.31963936033454904,impostor
calibration,0,1.0485354642306532,impostor
calibration,0,0.13883360340878748,impostor
calibration,0,0.0,impostor
calibration,0,2.8171065303710074,impostor
calibration,0,1.2688323342091565,impostor
calibration,0,0.0,impostor
calibration,0,1.8772638733873104,impostor
calibration,0,0.0,impostor
calibration,0,1.5495590774030021,impostor
calibration,0,0.8018981875899519,impostor
calibration,0,0.13720048731764584,impostor
calibration,0,1.0655687668210965,impostor
calibration,0,5.278598192799755,impostor
calibration,0,0.47328870499486475,impostor
calibration,0,0.6882711725486261,impostor
calibration,0,0.0,impostor
calibration,0,1.2361711589118993,impostor
calibration,0,0.0,impostor
calibration,0,0.0,impostor
calibration,0,2.1064866566981566,impostor
calibration,0,1.2095379294036737,impostor
calibration,0,1.8043963340115234,impostor
calibration,0,0.0,impostor
calibration,0,0.0,impostor
calibration,0,0.0,impostor
calibration,0,6.5679233592756505,impostor
calibration,0,2.0256529586055354,impostor
calibration,0,1.789014897483351,impostor
calibration,0,0.0,impostor
calibration,0,1.9373224743492132,impostor
calibration,0,0.0,impostor
calibration,0,1.528396990467044,impostor
calibration,0,0.6076225806986577,impostor
calibration,0,0.22478889469534924,impostor
calibration,0,1.943170258684178,impostor
calibration,0,0.0,impostor
calibration,0,0.0,impostor
calibration,0,0.8074195938361636,impostor
calibration,0,0.5545058827010712,impostor
calibration,0,0.6010531177485605,impostor
calibration,0,0.9129713610698803,impostor
calibration,0,0.6423315940886474,impostor
calibration,0,2.365275708122272,impostor
calibration,0,1.4898558256985794,impostor
calibration,0,0.8759397759084201,impostor
calibration,0,1.7361540955992858,impostor
calibration,0,0.8808560901752229,impostor
calibration,0,0.7663207344718261,impostor
calibration,0,0.5800023789537118,impostor
calibration,0,0.0,impostor
calibration,0,0.0,impostor
calibration,0,2.177240469379651,impostor
calibration,0,1.0317348932685488,impostor
calibration,0,0.0,impostor
calibration,0,0.9301836952671318,impostor
calibration,0,0.005389514232014636,impostor
calibration,0,0.0,impostor
calibration,0,0.6212359831970188,impostor
calibration,0,1.8111297803950488,impostor
calibration,0,0.9721368261366405,impostor
calibration,0,0.0,impostor
calibration,0,0.3767769900860496,impostor
calibration,0,0.8211830962892186,impostor
calibration,0,7.3676224413303055,impostor
calibration,0,10.154841581965371,impostor
calibration,0,0.0,impostor
calibration,0,0.0,impostor
calibration,0,1.6030844234561146,impostor
calibration,0,1.3814541215802134,impostor
calibration,0,0.6812298531750414,impostor
calibration,0,0.0,impostor
calibration,0,1.4410917057014105,impostor
calibration,0,0.6308219277671175,impostor
calibration,0,0.0,impostor
calibration,0,7.31620317902439,impostor
calibration,0,0.7287254800380195,impostor
calibration,0,0.0,impostor
calibration,0,5.820542347485155,impostor
calibration,0,0.0,impostor
calibration,0,0.0,impostor
calibration,0,1.1619193026144918,impostor
calibration,0,5.435165182830141E-4,impostor
calibration,0,0.43943499229697025,impostor
calibration,0,0.0,impostor
calibration,0,0.0,impostor
calibration,0,0.0,impostor
calibration,0,0.0,impostor
calibration,0,1.670758960563647,impostor
calibration,0,0.9999423906375795,impostor
calibration,0,0.9207781650907525,impostor
calibration,0,5.3697366522782985,impostor
calibration,0,0.2835511050835552,impostor
calibration,0,1.009123388981763,impostor
calibration,0,0.0,impostor
calibration,0,0.41796486049126425,impostor
calibration,0,0.9321431656847234,impostor
calibration,0,6.042623299450931,impostor
calibration,0,1.3400939057890948,impostor
calibration,0,0.0,impostor
calibration,0,2.613465595227996,impostor
calibration,0,2.3550667256221094,impostor
calibration,0,0.0,impostor
calibration,0,1.9089156033947399,impostor
calibration,0,1.273884318435527,impostor
calibration,0,0.4456414562618978,impostor
calibration,0,0.0,impostor
calibration,0,0.562422215588336,impostor
calibration,0,11.64974089098784,impostor
calibration,0,0.0,impostor
calibration,0,0.0,impostor
calibration,0,1.8609328737006792,impostor
calibration,0,0.0,impostor
calibration,0,1.431378369024404,impostor
calibration,0,1.7279541104555618,impostor
calibration,0,0.0,impostor
calibration,0,1.631652347347536,impostor
calibration,0,0.0,impostor
calibration,0,0.0,impostor
calibration,0,0.0,impostor
calibration,0,0.25805720553779643,impostor
calibration,0,1.83619780189299,impostor
calibration,0,0.24681636674768204,impostor
calibration,0,0.4591035905990982,impostor
calibration,0,0.07248201864165893,impostor
calibration,0,0.7278478185430081,impostor
calibration,0,1.98589361306532,impostor
calibration,0,0.0,impostor
calibration,0,1.8513376347599055,impostor
calibration,0,2.5256052804298887,impostor
calibration,0,1.6508448344844213,impostor
calibration,0,1.3138545902042136,impostor
calibration,0,0.0,impostor
calibration,0,0.0,impostor
calibration,0,2.741130656723841,impostor
calibration,0,1.5815286323983915,impostor
calibration,0,0.0,impostor
calibration,0,2.1044923588060427,impostor
calibration,0,0.0,impostor
calibration,0,0.0,impostor
calibration,0,2.2516259181010243,impostor
calibration,0,0.0,impostor
calibration,0,0.0,impostor
calibration,0,0.4196830132731757,impostor
calibration,0,0.0,impostor
calibration,0,0.38871213089146467,impostor
calibration,0,0.0,impostor
calibration,0,1.7633081915033806,impostor
calibration,0,0.0,impostor
calibration,0,0.6598047939801831,impostor
calibration,0,0.9918312009039008,impostor
test,1,1.7021860360751897,Hard-Obl
test,1,0.0,Easy-Zcut
test,1,1.2934749910107393,Medium-Zcut
test,1,0.0,Medium-Zcut
test,1,4.718566331700751,Hard-Zcut
test,1,2.2196975778553893,Medium-Obl
test,1,0.33761217744200295,Easy-Obl
test,1,0.552719196720468,Hard-Zcut
test,1,1.3904248085654487,Medium-Zcut
test,1,2.1376536512633906,Hard-CR
test,1,1.8320658871448148,Hard-CR
test,1,1.5497149746179053,Medium-Obl
test,1,2.0728969303148626,Hard-Obl
test,1,0.0,Hard-Zcut
test,1,0.0,Easy-Zcut
test,1,0.0,Medium-Zcut
test,1,0.8968933978280826,Medium-CR
test,1,1.3989205835165675,Easy-CR
test,1,0.0,Medium-CR
test,1,3.5786492937484002,Hard-Obl
test,1,5.652538757713085,Easy-Zcut
test,1,0.0,Easy-CR
test,1,3.34789332925966,Easy-Obl
test,1,0.8914213249056082,Medium-Zcut
test,1,0.0,Medium-Obl
test,1,0.0,Easy-Obl
test,1,1.9564034784301527,Medium-Zcut
test,1,2.058335338078896,Medium-Zcut
test,1,0.0,Medium-Zcut
test,1,1.0122515788264006,Hard-CR
test,1,0.0,Medium-Obl
test,1,0.7712755278308628,Hard-Obl
test,1,1.2316056230350778,Medium-Zcut
test,1,0.0,Medium-Obl
test,1,6.499192214557905,Easy-Zcut
test,1,0.860609227903447,Easy-Obl
test,1,0.0,Easy-CR
test,1,0.9796952766404662,Hard-Obl
test,1,0.0,Hard-Obl
test,1,0.0,Medium-CR
test,1,0.0,Hard-Zcut
test,1,11.212880353890197,Medium-Obl
test,1,1.5157831257665078,Medium-CR
test,1,0.0,Easy-Obl
test,1,4.969712909175691,Medium-Obl
test,1,1.3871771619795688,Hard-Zcut
test,1,0.0,Easy-Obl
test,1,0.0,Medium-Zcut
test,1,0.05305471926851635,Easy-Zcut
test,1,0.0,Easy-Obl
test,1,7.44850286202523,Easy-Zcut
test,1,0.2110229767181641,Hard-CR
test,1,4.7097034113191505,Easy-Zcut
test,1,0.8098225529701464,Medium-Obl
test,1,78.55359096115637,Hard-Zcut
test,1,2.4936124889271247,Easy-Obl
test,1,1.8766920298872187,Medium-Obl
test,1,0.0,Hard-CR
test,1,0.0,Easy-Zcut
test,1,0.0,Medium-Obl
test,1,0.0,Medium-Obl
test,1,0.0,Hard-Obl
test,1,0.0,Hard-Obl
test,1,0.0,Hard-Zcut
test,1,1.6743382777590736,Easy-Obl
test,1,0.16959438775061772,Medium-CR
test,1,0.0,Hard-CR
test,1,1.224066248501377,Medium-Obl
test,1,1.7288384945336839,Medium-Zcut
test,1,0.0,Medium-CR
test,1,6.858057071079787,Medium-Zcut
test,1,0.0,Easy-Obl
test,1,0.0,Easy-CR
test,1,1.2858552514353059,Hard-Obl
test,1,0.5929223799400583,Medium-Obl
test,1,0.0,Medium-Obl
test,1,0.0,Medium-Zcut
test,1,0.0,Easy-Zcut
test,1,0.0,Easy-Zcut
test,1,1.5898099057760957,Medium-Obl
test,1,0.0,Medium-Zcut
test,1,0.0,Hard-CR
test,1,2.9910828373075806,Easy-Zcut
test,1,6.1211044893618265,Easy-Zcut
test,1,0.0,Hard-Obl
test,1,0.0,Hard-CR
test,1,0.0,Hard-CR
test,1,0.7579253748615015,Medium-Obl
test,1,5.236817514602836,Hard-Obl
test,1,0.0,Easy-Obl
test,1,2.108288003319027,Easy-CR
test,1,0.0,Hard-Zcut
test,1,0.0,Hard-Obl
test,1,0.0,Medium-Obl
test,1,0.0,Medium-Obl
test,1,0.8430895250065031,Hard-CR
test,1,0.0,Easy-Obl
test,1,0.2503784873095146,Easy-Obl
test,1,0.46838860256728254,Medium-Obl
test,1,0.0,Hard-Obl
test,1,0.0,Hard-Obl
test,1,0.0,Easy-Obl
test,1,0.0,Medium-Obl
test,1,0.0,Medium-Obl
test,1,1.380238811189555,Easy-CR
test,1,0.0,Easy-Obl
test,1,0.9312632244748951,Medium-CR
test,1,5.5430989424728105,Medium-CR
test,1,9.408997651264029,Medium-Zcut
test,1,0.0,Medium-CR
test,1,0.0,Hard-Obl
test,1,0.5514587865615461,Easy-Zcut
test,1,0.9896878815162713,Hard-Zcut
test,1,0.9643795761750849,Hard-CR
test,1,0.0,Easy-Zcut
test,1,1.4041462302769578,Medium-Zcut
test,1,0.0,Hard-Zcut
test,1,5.470095250297243,Medium-Obl
test,1,0.0,Medium-CR
test,1,0.0,Hard-Obl
test,1,0.0,Hard-CR
test,1,0.0,Easy-CR
test,1,1.3795656258363376,Easy-Obl
test,1,1.259786620294995,Medium-Obl
test,1,0.0,Easy-Obl
test,1,13.785921112155812,Medium-Zcut
test,1,0.0,Medium-Obl
test,1,0.0,Hard-Obl
test,1,9.762161652189604,Medium-Obl
test,1,265.38107577932203,Easy-Obl
test,1,0.0,Hard-Obl
test,1,8.619077021260619,Easy-CR
test,1,0.0,Hard-Obl
test,1,0.0,Easy-Obl
test,1,2.822182650377839,Medium-Zcut
test,1,2.311955377650566,Medium-CR
test,1,0.0,Medium-CR
test,1,0.7636802474310356,Medium-Zcut
test,1,1.1755123177087383,Easy-Obl
test,1,2.558835163722923,Easy-Obl
test,1,0.0,Medium-CR
test,1,0.0,Medium-CR
test,1,2.1673614946834423,Medium-Zcut
test,1,0.0,Medium-CR
test,1,6.510526314099108,Hard-Obl
test,1,2.4214972311313896,Easy-CR
test,1,0.21881857294858506,Easy-CR
test,1,0.0,Medium-CR
test,1,0.0,Medium-Obl
test,1,2.222499534014341,Easy-CR
test,1,0.0,Easy-Zcut
test,1,2.4936124889271247,Easy-Obl
test,1,0.0,Medium-Zcut
test,1,2.5272025832502596,Hard-Zcut
test,1,0.0,Easy-Obl
test,1,1.6357398790953637,Medium-CR
test,1,0.0,Easy-Obl
test,1,0.2846930471835668,Medium-Obl
test,1,1.2225413937441352,Hard-Obl
test,1,0.0,Medium-Obl
test,1,0.0,Hard-Zcut
test,1,0.7755220418634072,Easy-Zcut
test,1,0.0,Medium-CR
test,1,0.0,Hard-CR
test,1,1.8427771925127314,Easy-Obl
test,1,4.504617313293322,Easy-Zcut
test,1,3.173249599837689,Easy-Obl
test,1,0.0,Hard-Obl
test,1,0.0,Medium-Obl
test,1,0.8674208788813405,Medium-Zcut
test,1,0.0,Medium-CR
test,1,0.0,Hard-Obl
test,1,1.4697031388558588,Hard-CR
test,1,0.0,Easy-CR
test,1,1.9471281801847176,Hard-CR
test,1,0.8453567227009895,Easy-CR
test,1,0.0,Medium-CR
test,1,0.0,Easy-Obl
test,1,0.0,Medium-CR
test,1,3.054338325520627,Medium-Zcut
test,1,0.3031400078907485,Medium-Zcut
test,1,0.2829396963621582,Medium-CR
test,1,0.0,Easy-CR
test,1,0.5724717969928949,Medium-Obl
test,1,0.0,Hard-Obl
test,1,0.0,Easy-Obl
test,1,0.0,Easy-Obl
test,1,2.0689900096851987,Medium-CR
test,1,0.6962356806808682,Easy-Obl
test,1,5.9797976947672105,Medium-CR
test,1,0.0,Medium-Obl
test,1,0.1000031240265497,Hard-CR
test,1,2.632054224407878,Hard-Zcut
test,1,133.8060607652266,Medium-Obl
test,1,0.0,Hard-Zcut
test,1,5.563391544955948,Hard-Obl
test,1,0.0,Medium-Zcut
test,1,1.474545755977768,Medium-Zcut
test,1,1.2841979051185604,Hard-Zcut
test,1,2.0237068783924808,Medium-CR
test,1,3.989700034167181,Easy-Obl
test,1,0.0,Hard-Zcut
test,1,1.189777197664345,Medium-Obl
test,1,0.0,Medium-CR
test,1,0.0,Easy-Zcut
test,1,0.0,Easy-Obl
test,1,0.0,Easy-CR
test,1,0.0,Easy-CR
test,1,2.3131081715007875,Easy-CR
test,1,0.0,Easy-CR
test,1,0.0,Medium-Zcut
test,1,0.0,Easy-Zcut
test,1,0.0,Easy-Obl
test,1,1.1908392252577302,Medium-CR
test,1,0.0,Easy-Zcut
test,1,0.0,Easy-Zcut
test,1,0.0,Easy-Zcut
test,1,0.0,Easy-CR
test,1,0.3695646584138176,Easy-Zcut
test,1,152.91595305147962,Medium-Zcut
test,1,6.490648139173773,Easy-Obl
test,1,0.0,Hard-Obl
test,1,2.873278308163335,Medium-CR
test,1,10.984428827584031,Easy-Zcut
test,1,1.9100016402354205,Hard-Zcut
test,1,2.3576515291909597,Medium-Zcut
test,1,0.0,Medium-Zcut
test,1,0.3711474534347111,Easy-Obl
test,1,1.6915711486985652,Hard-Obl
test,1,0.3942868072606134,Medium-CR
test,1,8.735926445521258,Medium-Obl
test,1,0.0,Easy-CR
test,1,0.0,Hard-Zcut
test,1,0.0,Medium-CR
test,1,2.4925530537108767,Medium-Obl
test,1,0.0,Medium-Zcut
test,1,0.0,Easy-Zcut
test,1,0.6725575053176808,Easy-Obl
test,1,0.0,Easy-CR
test,1,1.4864782944855892,Hard-Zcut
test,1,1.7152522820744904,Medium-CR
test,1,1.2495709792109522,Easy-Obl
test,1,1.8026429840185347,Easy-Obl
test,1,0.0,Easy-Zcut
test,1,0.8169133066338025,Hard-Obl
test,1,0.15268382730332686,Medium-CR
test,1,4.702707370064774,Easy-Zcut
test,1,0.771400594576582,Easy-CR
test,1,0.0,Medium-Obl
test,1,0.0,Easy-Obl
test,1,0.24357374111885827,Medium-Zcut
test,1,0.0,Easy-Obl
test,1,0.0,Medium-Obl
test,1,1.0651030309522014,Easy-CR
test,1,0.0,Medium-CR
test,1,0.0,Hard-Obl
test,1,4.460217244245582,Easy-CR
test,1,0.0,Hard-Zcut
test,1,1.0019658831032845,Medium-CR
test,1,13.138291336840249,Medium-Zcut
test,1,6.814808993687273,Medium-Zcut
test,1,0.0,Medium-Obl
test,1,0.0,Hard-Obl
test,1,0.0,Easy-CR
test,1,7.863670395999794,Hard-Zcut
test,1,1.7229746613971242,Hard-CR
test,1,1.636989626163368,Easy-Obl
test,1,0.0,Medium-CR
test,1,0.0,Easy-Obl
test,1,1.736225852380683,Hard-Zcut
test,1,1.3011189819067042,Medium-Obl
test,1,0.0,Easy-Obl
test,1,1.4883155704880329,Medium-CR
test,1,0.0,Hard-Obl
test,1,2.1710235070654305,Medium-Obl
test,1,4.162305154854995,Medium-Zcut
test,1,0.0,Medium-Obl
test,1,3.5655198551852543,Easy-Zcut
test,1,0.0,Hard-Obl
test,1,0.0,Hard-CR
test,1,2.443611221806413,Medium-Obl
test,1,10.377259225261305,Easy-Zcut
test,1,0.0,Hard-CR
test,1,1.5466144685596563,Easy-CR
test,1,0.5448406036795561,Easy-Obl
test,1,0.0,Medium-Zcut
test,1,2.6409967247716444,Hard-Obl
test,1,1.6277996912241348,Medium-Obl
test,1,0.5617375289569144,Easy-Zcut
test,1,0.0,Easy-Zcut
test,1,0.0,Easy-CR
test,1,0.06752386134300063,Medium-Zcut
test,1,0.0,Medium-Obl
test,1,0.0,Hard-Obl
test,1,1.2443654873571217,Easy-CR
test,1,3.442052365547813,Medium-CR
test,1,0.1669806110880332,Hard-Zcut
test,1,0.4028921990664646,Hard-Zcut
test,1,0.8411080376622095,Easy-CR
test,1,0.0,Easy-Obl
test,1,0.0,Hard-CR
test,1,1.6779469459579075,Medium-Obl
test,1,0.0,Hard-Obl
test,1,0.0,Medium-Zcut
test,1,3.2140169514590515,Hard-Zcut
test,1,1.0743687148694403,Medium-Obl
test,1,0.0,Easy-Zcut
test,1,0.625053003483793,Medium-Zcut
test,1,0.00482755155413184,Medium-Obl
test,1,2.8064484826840856,Easy-CR
test,1,1.7221785341352573,Easy-CR
test,1,1.028597592698648,Hard-Obl
test,1,0.0,Hard-Obl
test,1,0.4411220443172328,Hard-Zcut
test,1,1.4615765897717783,Easy-Obl
test,1,28.412882391233506,Easy-Zcut
test,1,2.125407156494116,Easy-Zcut
test,1,0.0,Hard-Obl
test,1,1.689004181935775,Easy-Zcut
test,1,0.46695856887144727,Medium-Zcut
test,1,0.0,Easy-CR
test,1,0.0,Easy-Obl
test,1,0.0,Medium-Obl
test,1,0.0,Hard-CR
test,1,0.0,Easy-CR
test,1,0.0,Easy-CR
test,1,0.0,Hard-Obl
test,1,0.0,Easy-CR
test,1,0.0,Medium-Obl
test,1,1.1459867785155988,Easy-Zcut
test,1,0.0,Medium-Obl
test,1,1.7551186302724564,Easy-CR
test,1,0.0,Hard-Zcut
test,1,1.451016383284189,Easy-CR
test,1,0.0,Easy-Zcut
test,1,0.8187788025880417,Easy-Obl
test,1,0.0,Easy-CR
test,1,1.2870246356616444,Easy-Obl
test,1,0.0,Easy-Obl
test,1,0.0,Hard-CR
test,1,2.250974184691491,Hard-CR
test,1,0.0,Easy-CR
test,1,1.2160761097719632,Hard-Obl
test,1,0.0,Medium-CR
test,1,2.3131081715007875,Easy-CR
test,1,0.0,Hard-Obl
test,1,1.3090060889825132,Medium-Zcut
test,1,1.547961092799099,Medium-Obl
test,1,0.6327044402964835,Medium-Zcut
test,1,0.036667128650439126,Hard-Zcut
test,1,0.0,Hard-CR
test,1,0.8728316707955248,Hard-CR
test,1,1.7267318750160698,Easy-Zcut
test,1,3.5661514118968256,Medium-Obl
test,1,0.0,Easy-Obl
test,1,21.593410984261677,Easy-CR
test,1,0.0,Hard-Obl
test,1,0.0,Easy-CR
test,1,0.0,Easy-Zcut
test,1,1.1812923813361769,Medium-CR
test,1,1.8079710330579672,Hard-Zcut
test,1,0.0,Medium-CR
test,1,0.9887465708287715,Medium-Zcut
test,1,1.7534131717872312,Easy-Obl
test,1,0.09050740740654821,Hard-CR
test,1,0.7295161543252102,Hard-CR
test,1,0.3309981535111641,Easy-Zcut
test,1,0.0,Easy-CR
test,1,0.0,Medium-Obl
test,1,96.42991547159752,Hard-Zcut
test,1,0.0,Hard-CR
test,1,0.0,Easy-Obl
test,1,0.0,Hard-Obl
test,1,1.1908392252577302,Medium-CR
test,1,11.56159180222614,Medium-Zcut
test,1,0.6945444949752801,Medium-Zcut
test,1,0.0,Easy-Zcut
test,1,0.0,Medium-CR
test,1,1.5466144685596563,Medium-Zcut
test,1,0.8264843524144949,Easy-CR
test,1,2.2712081083527362,Hard-Obl
test,1,0.21112930346757924,Hard-Obl
test,1,0.9119203928397787,Easy-Obl
test,1,10.641499472474301,Hard-Obl
test,1,1.8288574977701924,Easy-Obl
test,1,1.9234966851047268,Hard-Obl
test,1,1.5343441594105498,Medium-CR
test,1,0.0,Hard-Obl
test,1,1.573163278054183,Medium-CR
test,1,3.2969469365587813,Easy-Zcut
test,1,0.6729084701611329,Medium-Zcut
test,1,1.2324851959924839,Medium-Obl
test,1,2.943190978460767,Medium-Zcut
test,1,0.0,Hard-CR
test,1,1.83619780189299,Medium-CR
test,1,1.9568561698144902,Hard-CR
test,1,0.49436633767057114,Medium-Obl
test,1,0.9516377928535802,Easy-CR
test,1,7.909952072217763,Easy-Obl
test,1,0.0,Easy-CR
test,1,0.42136388996264407,Easy-Obl
test,1,1.1598422494680032,Easy-CR
test,1,1.1539247414612628,Medium-Obl
test,1,0.5661803193755081,Medium-Obl
test,1,0.25607683341298926,Hard-Obl
test,1,8.124496206923272,Easy-CR
test,1,1.3036491005942887,Medium-Obl
test,1,0.0,Medium-Zcut
test,1,0.0,Easy-Obl
test,1,0.33923316092921696,Medium-Obl
test,1,0.0,Medium-Obl
test,1,0.0,Medium-CR
test,1,0.0,Hard-Obl
test,1,3.1338171800703964,Easy-Zcut
test,1,10.887340104466237,Easy-CR
test,1,5.459747315604332,Medium-CR
test,1,2.136263222383572,Hard-Obl
test,1,0.0,Medium-CR
test,1,5.855711952512356,Hard-CR
test,1,3.2272206137494477,Medium-Obl
test,1,0.0,Medium-Zcut
test,1,0.0,Hard-Obl
test,1,0.0,Medium-Zcut
test,1,0.0,Medium-CR
test,1,0.8098225529701464,Medium-Obl
test,1,0.8238283617685267,Medium-Obl
test,1,0.0,Hard-CR
test,1,4.495168680677446,Hard-CR
test,1,0.0,Hard-Obl
test,1,1.4865911585363472,Easy-CR
test,1,0.0,Hard-Obl
test,1,0.0,Hard-Obl
test,1,0.0,Easy-CR
test,1,0.6398340014449916,Hard-CR
test,1,2.5178945687718897,Easy-Obl
test,1,0.9384318355549057,Easy-CR
test,1,0.0,Easy-Zcut
test,1,0.0,Easy-Obl
test,1,0.6068566103428947,Easy-Obl
test,1,1.653540812912106,Easy-CR
test,1,1.8018083327792684,Hard-Obl
test,1,1.8944440741986401,Hard-CR
test,1,14.852498887950542,Easy-Obl
test,1,0.0,Hard-Obl
test,1,0.0,Medium-Obl
test,1,2.2269468110764414,Medium-Zcut
test,1,0.0,Medium-Obl
test,1,0.0,Hard-CR
test,1,1.2127148958723402,Medium-Zcut
test,1,1.658421767444223,Easy-CR
test,1,2.9743441773530757,Easy-Zcut
test,1,0.0,Easy-CR
test,1,2.12264590045407,Easy-CR
test,1,0.0,Hard-Obl
test,1,1.1475135669119645,Easy-Zcut
test,1,4.937506642352307,Hard-Obl
test,1,0.0,Easy-Zcut
test,1,0.0,Easy-CR
test,1,1.617598336388551,Easy-Obl
test,1,0.0,Hard-CR
test,1,0.0,Easy-Zcut
test,1,0.434403213243803,Hard-Zcut
test,1,0.0,Hard-Obl
test,1,2.2532969143684523,Hard-Zcut
test,1,0.0,Easy-Obl
test,1,0.0,Hard-CR
test,1,0.0,Easy-Obl
test,1,1.9188247662706255,Easy-CR
test,1,0.0,Medium-Obl
test,1,13.162410679665944,Easy-CR
test,1,0.9367001967100834,Medium-Zcut
test,1,0.0,Medium-Obl
test,1,0.0,Medium-Zcut
test,1,0.0,Hard-Obl
test,1,0.0,Easy-CR
test,1,13.731305663284639,Medium-Zcut
test,1,0.0,Easy-Zcut
test,1,0.0,Hard-Zcut
test,1,0.0,Easy-Obl
test,1,0.0,Easy-Obl
test,1,0.0,Medium-Zcut
test,1,0.0,Easy-CR
test,1,0.0,Hard-CR
test,1,0.0,Medium-Zcut
test,1,0.0,Hard-Obl
test,1,0.0,Easy-CR
test,1,0.9557668691893314,Medium-Zcut
test,1,0.0,Easy-Zcut
test,1,0.0,Medium-Zcut
test,1,0.0,Easy-Obl
test,1,0.0,Hard-Obl
test,1,3.2261705087389476,Easy-Obl
test,1,0.0,Medium-CR
test,1,0.0,Easy-Obl
test,1,9.685747284774017,Easy-CR
test,1,0.0,Easy-Obl
test,1,1.3455946550398448,Hard-CR
test,1,0.0,Easy-CR
test,1,0.0,Medium-CR
test,1,0.0,Medium-CR
test,1,0.0,Hard-CR
test,1,0.25621846710630625,Hard-CR
test,1,0.5897440737048235,Easy-CR
test,1,0.0,Medium-Obl
test,1,0.0,Easy-CR
test,1,2.229664424353547,Medium-CR
test,1,0.0,Easy-Obl
test,1,0.0,Easy-Obl
test,1,0.0,Easy-Obl
test,1,0.9094936802813829,Hard-CR
test,1,0.0,Hard-Zcut
test,1,0.0,Medium-CR
test,1,1.631304750654618,Hard-Obl
test,1,0.9168796200748088,Hard-Zcut
test,1,0.0,Easy-Obl
test,1,0.0,Medium-Obl
test,1,0.0,Medium-Obl
test,1,0.0,Easy-CR
test,1,0.0,Medium-Zcut
test,1,2.7754454420336785,Medium-CR
test,1,0.8146539001309737,Medium-Obl
test,1,0.0,Easy-Obl
test,1,0.0,Easy-Obl
test,1,0.0,Hard-CR
test,1,0.0,Hard-Obl
test,1,0.44612427248122594,Easy-Obl
test,1,0.0,Medium-Obl
test,1,0.0,Medium-Obl
test,1,0.6376012925275698,Hard-Obl
test,1,1.883079125887746,Medium-CR
test,1,0.0,Easy-CR
test,1,5.71829672021378,Hard-Obl
test,1,0.7313370529134251,Easy-Obl
test,1,6.253308222510321,Medium-Obl
test,1,0.0,Hard-Obl
test,1,0.0,Easy-Zcut
test,1,12.910027386456555,Easy-Zcut
test,1,0.761619305079217,Medium-Obl
test,1,1.3112547156213568,Medium-Zcut
test,1,0.0,Medium-Obl
test,1,0.0,Hard-Obl
test,1,0.014740994583061325,Hard-CR
test,1,0.0,Medium-Obl
test,1,0.426116216811406,Medium-Obl
test,1,12.804333723626058,Easy-Zcut
test,1,1.1619193026144918,Hard-Obl
test,1,14.181371645630374,Easy-Obl
test,1,0.0,Medium-Obl
test,1,0.0,Hard-CR
test,1,0.0,Medium-Zcut
test,1,0.0,Easy-CR
test,1,1.1913864195881088,Medium-Obl
test,1,0.0,Easy-Obl
test,1,4.170949220867181,Medium-Zcut
test,1,1.7450361857313743,Medium-CR
test,1,0.0,Easy-Obl
test,1,0.0,Easy-Zcut
test,1,1.7082299112109998,Medium-Obl
test,1,0.0,Easy-CR
test,1,0.0,Hard-Zcut
test,1,0.0,Hard-CR
test,1,0.0,Easy-CR
test,1,1.0866707125178137,Easy-Obl
test,1,0.0,Medium-CR
test,1,0.0,Hard-Obl
test,1,0.0,Hard-Obl
test,1,0.809215045166322,Medium-Zcut
test,1,2.4363254746131284,Easy-Obl
test,1,2.081945844614633,Easy-Zcut
test,1,0.0,Hard-CR
test,1,0.0,Medium-Obl
test,1,0.704814608440999,Easy-CR
test,1,0.7468038624990512,Hard-Obl
test,1,0.5192836018031719,Easy-Zcut
test,1,1.730313557294194,Easy-Obl
test,1,0.0,Easy-Zcut
test,1,1.392578466088969,Easy-Obl
test,1,1.4440053885398845,Medium-CR
test,1,1.8835708987184905,Easy-Obl
test,1,0.0,Easy-Obl
test,1,0.0,Medium-Zcut
test,1,0.0,Medium-CR
test,1,4.3025779227824295,Easy-Zcut
test,1,1.0486996393717352,Hard-Obl
test,1,0.0,Medium-Zcut
test,1,0.4073597732922709,Easy-Zcut
test,1,1.1885545542501164,Medium-CR
test,1,0.38959407802922985,Medium-CR
test,1,0.0,Medium-Zcut
test,1,0.0,Hard-CR
test,1,0.0,Hard-Obl
test,1,1.1266298959220897,Medium-Zcut
test,1,1.3174357591658592,Hard-Zcut
test,1,0.8544864740515042,Easy-Obl
test,1,0.0,Medium-CR
test,1,0.5334215135690589,Medium-Obl
test,1,1.0697601287758152,Medium-Obl
test,1,0.0,Medium-Zcut
test,1,0.636255163551765,Hard-Obl
test,1,0.31514979496479256,Easy-CR
test,0,0.5860839185106778,impostor
test,0,0.0,impostor
test,0,0.27780417622629294,impostor
test,0,0.0,impostor
test,0,0.0,impostor
test,0,1.929180311539033,impostor
test,0,1.5615680293557086,impostor
test,0,1.7258079406220146,impostor
test,0,1.538883752306214,impostor
test,0,0.0,impostor
test,0,12.023486068807058,impostor
test,0,0.0,impostor
test,0,2.0504455097650682,impostor
test,0,0.26278928442573724,impostor
test,0,8.688947909028677,impostor
test,0,0.0,impostor
test,0,0.0,impostor
test,0,0.0,impostor
test,0,0.0,impostor
test,0,1.0367806607808343,impostor
test,0,5.782660467122589,impostor
test,0,0.0,impostor
test,0,0.0,impostor
test,0,6.220637956930892,impostor
test,0,1.4181005530163566,impostor
test,0,0.0,impostor
test,0,0.0,impostor
test,0,1.813634758824564,impostor
test,0,0.30620004428036324,impostor
test,0,0.43604441289301604,impostor
test,0,0.5981765375752853,impostor
test,0,0.29647216124628023,impostor
test,0,0.18391259685636263,impostor
test,0,0.0,impostor
test,0,0.0,impostor
test,0,1.3304934719700459,impostor
test,0,1.1214250746202632,impostor
test,0,0.0,impostor
test,0,1.5680657271738658,impostor
test,0,0.0,impostor
test,0,2.255673579024131,impostor
test,0,0.0,impostor
test,0,0.0,impostor
test,0,1.52781868101387,impostor
test,0,1.145129182260911,impostor
test,0,0.0,impostor
test,0,0.0,impostor
test,0,0.0,impostor
test,0,0.0,impostor
test,0,1.6705395964620584,impostor
test,0,0.5277219050935107,impostor
test,0,0.8193502866212206,impostor
test,0,0.0,impostor
test,0,0.6312065512497667,impostor
test,0,1.8307685515750003,impostor
test,0,1.1765400959790995,impostor
test,0,1.9046553583535966,impostor
test,0,1.7497277340156319,impostor
test,0,1.2174536598648558,impostor
test,0,0.0,impostor
test,0,0.0,impostor
test,0,0.0,impostor
test,0,2.459937078538755,impostor
test,0,2.6865765897717804,impostor
test,0,0.776712148579268,impostor
test,0,0.0,impostor
test,0,2.4742514281214536,impostor
test,0,0.0,impostor
test,0,1.0902925184899048,impostor
test,0,0.0,impostor
test,0,0.0,impostor
test,0,0.0,impostor
test,0,0.0,impostor
test,0,0.0,impostor
test,0,0.0,impostor
test,0,0.44787248250923545,impostor
test,0,0.0,impostor
test,0,0.748083271352514,impostor
test,0,0.0,impostor
test,0,0.2031513747835138,impostor
test,0,0.0,impostor
test,0,0.0,impostor
test,0,0.0,impostor
test,0,0.40706462265103033,impostor
test,0,0.0,impostor
test,0,1.090098345575188,impostor
test,0,0.34449746376706547,impostor
test,0,2.9150483952431423,impostor
test,0,0.0,impostor
test,0,5.330118187678515,impostor
test,0,2.0689900096851987,impostor
test,0,5.578318211780526,impostor
test,0,0.0,impostor
test,0,0.27627492283399274,impostor
test,0,0.0,impostor
test,0,0.0,impostor
test,0,0.0,impostor
test,0,0.8387403969013985,impostor
test,0,4.031467660368023,impostor
test,0,0.0,impostor
test,0,0.0,impostor
test,0,0.4215444785581155,impostor
test,0,0.04745699050617737,impostor
test,0,1.7170192140023586,impostor
test,0,0.0,impostor
test,0,0.9331295440860667,impostor
test,0,2.4351005108623243,impostor
test,0,0.0,impostor
test,0,1.3104422510851246,impostor
test,0,3.06955612300667,impostor
test,0,0.0,impostor
test,0,0.0,impostor
test,0,0.0,impostor
test,0,1.1923325927643391,impostor
test,0,0.0,impostor
test,0,0.0,impostor
test,0,0.10727362678733587,impostor
test,0,1.4220457282887018,impostor
test,0,0.0,impostor
test,0,0.0,impostor
test,0,1.572766292671285,impostor
test,0,1.80199377564909,impostor
test,0,1.6464185850742554,impostor
test,0,1.934747706093156,impostor
test,0,0.0,impostor
test,0,1.0344120876072762,impostor
test,0,1.2915008321960206,impostor
test,0,0.0,impostor
test,0,0.7064179550498735,impostor
test,0,0.27895912934243977,impostor
test,0,1.2302402120752212,impostor
test,0,0.0,impostor
test,0,0.0,impostor
test,0,0.7569770226722119,impostor
test,0,0.0,impostor
test,0,0.0,impostor
test,0,1.811832669237233,impostor
test,0,0.8915732074622871,impostor
test,0,0.5717850837847849,impostor
test,0,0.3201531075722702,impostor
test,0,2.7098983747828287,impostor
test,0,0.3352477414872022,impostor
test,0,0.0,impostor
test,0,3.371351531572411,impostor
test,0,0.0,impostor
test,0,0.0,impostor
test,0,2.012699314375303,impostor
test,0,1.1606625352341415,impostor
test,0,0.729937824565214,impostor
test,0,1.9496805516347329,impostor
test,0,0.0,impostor
test,0,0.366672220109746,impostor
test,0,0.0,impostor
test,0,0.0,impostor
test,0,0.0,impostor
test,0,1.7633081915033806,impostor
test,0,0.0,impostor
test,0,2.598987256181546,impostor
test,0,0.14308083296262064,impostor
test,0,0.683501219779224,impostor
test,0,0.0,impostor
test,0,0.0,impostor
test,0,1.305313633721728,impostor
test,0,0.8416788712576505,impostor
test,0,0.0,impostor
test,0,0.0,impostor
test,0,0.0,impostor
test,0,0.0,impostor
test,0,0.0,impostor
test,0,0.0,impostor
test,0,0.0,impostor
test,0,1.5342825856459354,impostor
test,0,1.8265167514587337,impostor
test,0,0.0,impostor
test,0,1.262931467174164,impostor
test,0,0.15030390457484047,impostor
test,0,0.8401317194475216,impostor
test,0,1.205544364327318,impostor
test,0,0.43302319871838746,impostor
test,0,3.859762871601345,impostor
test,0,2.210334589181248,impostor
test,0,0.0,impostor
test,0,2.620812449607747,impostor
test,0,0.0,impostor
test,0,0.0,impostor
test,0,0.2786743369923149,impostor
test,0,0.0,impostor
test,0,7.123055800662646,impostor
test,0,2.909010078203986,impostor
test,0,0.2671726761621722,impostor
test,0,4.324085300218098,impostor
test,0,4.851262248854676,impostor
test,0,2.579217282412472,impostor
test,0,1.7503400430090716,impostor
test,0,2.525029054159051,impostor
test,0,1.1214250746202632,impostor
test,0,0.0,impostor
test,0,0.0,impostor
test,0,0.0,impostor
test,0,0.0,impostor
test,0,10.871758958720859,impostor
test,0,0.560551192492946,impostor
test,0,0.0,impostor
test,0,0.0,impostor
test,0,0.0,impostor
test,0,0.5466879071107699,impostor
test,0,0.0,impostor
test,0,3.3139898311822544,impostor
test,0,0.0,impostor
test,0,1.1300859853729501,impostor
test,0,0.0,impostor
test,0,1.9982495083057756,impostor
test,0,1.1649866060279275,impostor
test,0,2.6513415684962633,impostor
test,0,0.2781246657255534,impostor
test,0,8.41392912216218,impostor
test,0,0.8528754907228178,impostor
test,0,1.5043058110110121,impostor
test,0,0.7229644747423445,impostor
test,0,2.7672575579100838,impostor
test,0,0.6318130452355067,impostor
test,0,0.0,impostor
test,0,0.0,impostor
test,0,2.8565083501311586,impostor
test,0,0.0,impostor
test,0,1.8684365988210314,impostor
test,0,0.0,impostor
test,0,1.2626403222714644,impostor
test,0,0.0,impostor
test,0,0.0,impostor
test,0,0.0,impostor
test,0,0.0,impostor
test,0,0.13902983246324752,impostor
test,0,1.57685293754984,impostor
test,0,0.0,impostor
test,0,1.15589477158996,impostor
test,0,0.0,impostor
test,0,1.3036491005942887,impostor
test,0,1.8020401933661239,impostor
test,0,0.580297545873341,impostor
test,0,0.0,impostor
test,0,0.0,impostor
test,0,1.2915008321960206,impostor
test,0,4.406692730809487,impostor
test,0,0.0,impostor
test,0,1.4785822997143216,impostor
test,0,0.0,impostor
test,0,2.557087720597126,impostor
test,0,1.3036491005942887,impostor
test,0,0.0,impostor
test,0,0.0,impostor
test,0,2.6550939363616335,impostor
test,0,2.486736159625674,impostor
test,0,0.0,impostor
test,0,0.0,impostor
test,0,0.5074592503163871,impostor
test,0,0.0,impostor
test,0,1.4122146563658113,impostor
test,0,0.3556434986854229,impostor
test,0,0.0,impostor
test,0,4.380530748573052,impostor
test,0,0.0,impostor
test,0,1.140888944084133,impostor
test,0,2.856652347347538,impostor
test,0,0.0,impostor
test,0,0.0,impostor
test,0,0.0,impostor
test,0,3.548003793806865,impostor
test,0,0.0,impostor
test,0,0.0,impostor
test,0,0.0,impostor
test,0,9.519159472081483,impostor
test,0,0.0,impostor
test,0,1.5810841655293548,impostor
test,0,0.6711791292990743,impostor
test,0,0.0,impostor
test,0,0.5859210227231886,impostor
test,0,0.0,impostor
test,0,0.0,impostor
test,0,0.0,impostor
test,0,0.0,impostor
test,0,0.4327954610621392,impostor
test,0,1.9269681688615221,impostor
test,0,0.47007400102310415,impostor
test,0,0.0,impostor
test,0,2.8393119142056285,impostor
test,0,0.0,impostor
test,0,2.6015387109839003,impostor
test,0,1.6456674988626885,impostor
test,0,0.8537700545775915,impostor
test,0,0.0,impostor
test,0,1.1594277522282819,impostor
test,0,1.8156425265282916,impostor
test,0,1.7717922629836298,impostor
test,0,0.0,impostor
test,0,0.7952201395427995,impostor
test,0,0.511289147117408,impostor
test,0,0.0,impostor
test,0,0.10871022993404936,impostor
test,0,1.4190826705864645,impostor
test,0,2.992293193064195,impostor
test,0,0.0,impostor
test,0,1.0263328309867752,impostor
test,0,1.3526533472951827,impostor
test,0,0.0,impostor
test,0,0.0,impostor
test,0,2.3405946021511945,impostor
test,0,0.6526687439726673,impostor
test,0,2.498383188492086,impostor
test,0,0.0,impostor
test,0,2.708598253683195,impostor
test,0,0.0,impostor
test,0,0.5585528787571583,impostor
test,0,0.6266696678522312,impostor
test,0,0.7000255241191192,impostor
test,0,0.44678308982938464,impostor
test,0,2.6296431633115036,impostor
test,0,1.552738205933394,impostor
test,0,2.6220157814852563,impostor
test,0,0.0,impostor
test,0,0.0,impostor
test,0,0.1919819839854474,impostor
test,0,0.0,impostor
test,0,2.418774035028666,impostor
test,0,1.0366403226252208,impostor
test,0,2.900025758437277,impostor
test,0,0.6813901095852987,impostor
test,0,0.0,impostor
test,0,0.0,impostor
test,0,0.8414365346337249,impostor
test,0,0.0,impostor
test,0,1.0828803940109761,impostor
test,0,0.0,impostor
test,0,1.348063008497646,impostor
test,0,2.255263458458647,impostor
test,0,0.6205046290456355,impostor
test,0,0.8359568441334457,impostor
test,0,0.0,impostor
test,0,0.0,impostor
test,0,2.543688084737406,impostor
test,0,1.9222647973487534,impostor
test,0,0.7149209008929148,impostor
test,0,1.0453644361112497,impostor
test,0,0.0,impostor
test,0,0.0,impostor
test,0,3.841193487232541,impostor
test,0,0.0,impostor
test,0,1.5056417755058975,impostor
test,0,0.0,impostor
test,0,0.0,impostor
test,0,0.7839117226229223,impostor
test,0,1.5932324339276227,impostor
test,0,0.0,impostor
test,0,0.4045620182028538,impostor
test,0,0.7217194633057844,impostor
test,0,0.0,impostor
test,0,0.0,impostor
test,0,0.5172305976783704,impostor
test,0,2.9019498654306695,impostor
test,0,2.2574109977497656,impostor
test,0,1.025854051988441,impostor
test,0,0.0,impostor
test,0,0.28700081992963433,impostor
test,0,0.0,impostor
test,0,0.0,impostor
test,0,1.42263483743313,impostor
test,0,1.455127278923781,impostor
test,0,0.0,impostor
test,0,0.0,impostor
test,0,0.0,impostor
test,0,1.0571377918105267,impostor
test,0,0.3389081142269658,impostor
test,0,1.767452307946081,impostor
test,0,1.2181298697544096,impostor
test,0,1.2301658259866577,impostor
test,0,0.0,impostor
test,0,0.0,impostor
test,0,1.92226478910217,impostor
test,0,0.0,impostor
test,0,1.9019940626415834,impostor
test,0,2.0060646695574804,impostor
test,0,0.0,impostor
test,0,1.0178360580050811,impostor
test,0,7.921022123749046,impostor
test,0,0.0,impostor
test,0,0.944649323047217,impostor
test,0,0.0,impostor
test,0,0.0,impostor
test,0,1.9807747554251085,impostor
test,0,1.1322157040116807,impostor
test,0,1.2266617761370557,impostor
test,0,0.0,impostor
test,0,1.4867636224867185,impostor
test,0,0.8265837790040707,impostor
test,0,1.017806307160689,impostor
test,0,1.05503328582091,impostor
test,0,0.0,impostor
test,0,0.0,impostor
test,0,0.0,impostor
test,0,0.0,impostor
test,0,6.0853800301232255,impostor
test,0,0.0,impostor
test,0,1.3178560611083554,impostor
test,0,0.6087279421143674,impostor
test,0,0.0,impostor
test,0,0.0,impostor
test,0,2.3569426309152366,impostor
test,0,0.0,impostor
test,0,1.401182957332987,impostor
test,0,1.5461371351605337,impostor
test,0,0.9557668691893314,impostor
test,0,0.0,impostor
test,0,1.345679907614376,impostor
test,0,0.0,impostor
test,0,0.0,impostor
test,0,0.0,impostor
test,0,1.2668091712454406,impostor
test,0,0.0,impostor
test,0,0.0,impostor
test,0,0.0,impostor
test,0,4.909682257184831,impostor
test,0,2.3567329577528526,impostor
test,0,0.4751735492290316,impostor
test,0,1.645735444825191,impostor
test,0,1.328531657019232,impostor
test,0,0.0,impostor
test,0,0.0,impostor
test,0,0.0,impostor
test,0,1.4003332287524701,impostor
test,0,2.8928124849798174,impostor
test,0,0.0,impostor
test,0,2.6411794379874545,impostor
test,0,1.9941336273799712,impostor
test,0,0.0,impostor
test,0,0.0,impostor
test,0,0.0,impostor
test,0,0.0,impostor
test,0,0.2409941419166043,impostor
test,0,1.640152188759673,impostor
test,0,0.5393185870318151,impostor
test,0,0.0,impostor
test,0,0.0,impostor
test,0,0.0,impostor
test,0,0.0,impostor
test,0,1.687247552994367,impostor
test,0,0.48909212978731853,impostor
test,0,1.6462856279862876,impostor
test,0,1.2739100832101355,impostor
test,0,4.4851324055030855,impostor
test,0,1.0049601393771326,impostor
test,0,1.2692786099737983,impostor
test,0,1.267826025353207,impostor
test,0,1.0536902637296912,impostor
test,0,2.180441206207366,impostor
test,0,0.26492254936773907,impostor
test,0,0.0,impostor
test,0,3.910934470181965,impostor
test,0,0.0,impostor
test,0,0.0,impostor
test,0,0.0,impostor
test,0,1.1554246059149267,impostor
test,0,0.7944869089411402,impostor
test,0,0.7383610428004832,impostor
test,0,0.7245816402768288,impostor
test,0,0.0,impostor
test,0,0.0,impostor
test,0,0.6822829011996916,impostor
test,0,0.0,impostor
test,0,0.0,impostor
test,0,0.0,impostor
test,0,0.0,impostor
test,0,0.7536616462823404,impostor
test,0,0.0,impostor
test,0,4.604832695958842,impostor
test,0,1.2895257239709137,impostor
test,0,0.3389327520326584,impostor
test,0,0.42267858209472065,impostor
test,0,0.0,impostor
test,0,0.41862797661399964,impostor
test,0,0.0,impostor
test,0,0.8382877220362768,impostor
test,0,2.3955478222949544,impostor
test,0,0.0,impostor
test,0,1.83619780189299,impostor
test,0,0.27105880678177663,impostor
test,0,0.20447811598051602,impostor
test,0,0.0,impostor
test,0,0.011672783663690456,impostor
test,0,0.0,impostor
test,0,7.279950793725085,impostor
test,0,0.0,impostor
test,0,0.8831105526179105,impostor
test,0,0.0,impostor
test,0,0.0,impostor
test,0,0.0,impostor
test,0,0.8014905171366093,impostor
test,0,0.08231683038840802,impostor
test,0,1.4980262110734874,impostor
test,0,0.0,impostor
test,0,0.0,impostor
test,0,0.0,impostor
test,0,0.0,impostor
test,0,0.0,impostor
test,0,1.5545133351465876,impostor
test,0,1.6661220443172327,impostor
test,0,0.8130459537411431,impostor
test,0,1.7955395639046952,impostor
test,0,0.15108805363064365,impostor
test,0,0.0,impostor
test,0,0.0,impostor
test,0,1.5310612843899467,impostor
test,0,0.6754206692481747,impostor
test,0,2.3861385552147483,impostor
test,0,0.0,impostor
test,0,0.0,impostor
test,0,0.33376273695792624,impostor
test,0,0.8631340293148608,impostor
test,0,0.0,impostor
test,0,0.0,impostor
test,0,0.0,impostor
test,0,4.189229988338605,impostor
test,0,0.26492254936773907,impostor
test,0,0.0,impostor
test,0,0.0,impostor
test,0,0.8381018543738964,impostor
test,0,1.5529539923880487,impostor
test,0,2.4773440063103944,impostor
test,0,0.0,impostor
test,0,0.5184292068516684,impostor
test,0,1.869932607535301,impostor
test,0,0.6005667233339086,impostor
test,0,0.6380471629607868,impostor
test,0,1.6821093530921676,impostor
test,0,0.0,impostor
test,0,0.0,impostor
test,0,0.0,impostor
test,0,0.9732161325242495,impostor
test,0,0.0,impostor
test,0,0.3459886594877374,impostor
test,0,0.0,impostor
test,0,0.0,impostor
test,0,0.0,impostor
test,0,0.0,impostor
test,0,0.0,impostor
test,0,0.0,impostor
test,0,0.0,impostor
test,0,0.0,impostor
test,0,3.1235258977044955,impostor
test,0,0.0,impostor
test,0,2.4714278413452933,impostor
test,0,2.4590218914381854,impostor
test,0,0.0,impostor
test,0,0.0,impostor
test,0,0.0,impostor
test,0,0.3433805706543282,impostor
test,0,0.1958546223328756,impostor
test,0,0.10927715961819301,impostor
test,0,0.0,impostor
test,0,12.581783371638975,impostor
test,0,0.0,impostor
test,0,0.0,impostor
test,0,0.0,impostor
test,0,0.16884441796716432,impostor
test,0,7.302652095046008,impostor
test,0,0.0,impostor
test,0,4.8388590848106965,impostor
test,0,0.0,impostor
test,0,0.0,impostor
test,0,0.03270316450120721,impostor
test,0,1.4424419152569945,impostor
test,0,3.7044304329842412,impostor
test,0,1.5222216077704673,impostor
test,0,0.0,impostor
test,0,0.0,impostor
test,0,0.0,impostor
test,0,0.0,impostor
test,0,0.0,impostor
test,0,0.0,impostor
test,0,0.14486461583851973,impostor
test,0,1.7376199241493129,impostor
test,0,2.443611221806413,impostor
test,0,0.0,impostor
test,0,0.0,impostor
test,0,3.87987461156467,impostor
test,0,0.48059070158775874,impostor
test,0,0.0,impostor
test,0,0.0,impostor
test,0,1.0745686448537375,impostor
test,0,0.0,impostor
test,0,0.04163578304000303,impostor
test,0,4.524253865148131,impostor
test,0,1.6041745892159494,impostor
test,0,2.118524666786038,impostor
test,0,0.0,impostor
test,0,3.480777694625764,impostor
test,0,0.6413896273587131,impostor
test,0,1.7022838885334894,impostor
test,0,1.7949265553817888,impostor
test,0,1.0134429112030445,impostor
test,0,0.0,impostor
