num_peers,offered_load_tps,achieved_tps,mean_latency_ms
4,50,50.0,28.19411318607669
4,100,70.66950450988492,28.30075028643012
4,200,71.18029756081546,28.09766281591093
4,400,70.89306557228726,28.211503958178643
4,800,70.9081787692344,28.205491026766563
4,1200,70.79394197312881,28.251004877778076
4,1600,70.77033154465913,28.26042999018471
4,2000,70.80155846672939,28.247965769564622
10,50,50.0,28.808242972153877
10,100,100.0,29.061994525583522
10,200,174.10134015536653,28.7189058713623
10,400,174.14313284714808,28.71201360772972
10,800,173.06502116948354,28.890875615491776
10,1200,172.97245170181006,28.90633711210603
10,1600,173.10132876060646,28.884815823192426
10,2000,173.27471253732787,28.855912826419324
22,50,50.0,29.39270652813622
22,100,100.0,29.16208268072235
22,200,200.0,29.320608534344295
22,400,375.12582060296796,29.323494667252902
22,800,376.4622669013496,29.21939585218113
22,1200,376.870436346792,29.18774979175581
22,1600,378.4086876021399,29.069100050803897
22,2000,379.6475767583381,28.97423998837208
