weights,auc,recall,fpr
nominal,0.98682259375,0.998,0.09025
equal,0.97868925,0.993625,0.0905
dirichlet_0,0.98863575,0.998375,0.0895
dirichlet_1,0.98965103125,0.996125,0.08775
dirichlet_2,0.98643725,0.99225,0.08925
dirichlet_3,0.9858931875,0.998375,0.09025
dirichlet_4,0.9863526875,0.995125,0.089
dirichlet_5,0.9802526875,0.99625,0.0905
dirichlet_6,0.98628503125,0.998875,0.09025
dirichlet_7,0.98668796875,0.99775,0.09025
dirichlet_8,0.9860889375,0.99775,0.09
dirichlet_9,0.98244575,0.99775,0.09
dirichlet_10,0.976857875,0.994625,0.09025
dirichlet_11,0.98751378125,0.998875,0.09
dirichlet_12,0.98617490625,0.99325,0.0895
dirichlet_13,0.98678359375,0.99925,0.09025
dirichlet_14,0.9841150625,0.998625,0.09025
dirichlet_15,0.9833746875,0.998875,0.09
dirichlet_16,0.983165,0.99875,0.09025
dirichlet_17,0.98816696875,0.99925,0.09025
dirichlet_18,0.98715003125,0.999125,0.08975
dirichlet_19,0.98893178125,0.9985,0.0885
dirichlet_20,0.9898284375,0.999625,0.08825
dirichlet_21,0.98793146875,0.998625,0.09025
dirichlet_22,0.9862299375,0.996125,0.08975
dirichlet_23,0.9828373125,0.98925,0.09
dirichlet_24,0.9871175,0.99875,0.09025
dirichlet_25,0.98734896875,0.998375,0.089
dirichlet_26,0.98994190625,0.999,0.0885
dirichlet_27,0.9881735625,0.999125,0.09025
dirichlet_28,0.9882604375,0.99725,0.0895
dirichlet_29,0.98733171875,0.998,0.0895
dirichlet_30,0.98251809375,0.998125,0.09
dirichlet_31,0.98439678125,0.996375,0.0905
dirichlet_32,0.9872805,0.998125,0.08975
dirichlet_33,0.98738978125,0.99925,0.08925
dirichlet_34,0.9855915,0.998125,0.09
dirichlet_35,0.98474353125,0.99575,0.08975
dirichlet_36,0.98549671875,0.997125,0.08975
dirichlet_37,0.983855625,0.994,0.09025
dirichlet_38,0.98569721875,0.994,0.09
dirichlet_39,0.986556625,0.996375,0.08875
dirichlet_40,0.9861086875,0.99875,0.09025
dirichlet_41,0.98815453125,0.997125,0.0885
dirichlet_42,0.98927196875,0.99575,0.088
dirichlet_43,0.9855058125,0.992625,0.08925
dirichlet_44,0.98738075,0.99925,0.08975
dirichlet_45,0.98522728125,0.995375,0.09
dirichlet_46,0.98584025,0.99875,0.09025
dirichlet_47,0.97888709375,0.995,0.09
dirichlet_48,0.98354109375,0.99225,0.09
dirichlet_49,0.9880464375,0.9985,0.089
dirichlet_50,0.98889071875,0.99775,0.08875
dirichlet_51,0.98344853125,0.98275,0.08825
dirichlet_52,0.98800346875,0.998375,0.08975
dirichlet_53,0.9854856875,0.993125,0.0895
dirichlet_54,0.98738790625,0.9975,0.09025
dirichlet_55,0.9850495625,0.99875,0.0895
dirichlet_56,0.9823751875,0.998625,0.0905
dirichlet_57,0.9838488125,0.997375,0.0905
dirichlet_58,0.988461625,0.997375,0.089
dirichlet_59,0.9865991875,0.994,0.08925
dirichlet_60,0.9879379375,0.998375,0.09
dirichlet_61,0.98699409375,0.990625,0.08825
dirichlet_62,0.98450603125,0.996875,0.08975
dirichlet_63,0.9849654375,0.999375,0.09025
dirichlet_64,0.9861053125,0.9975,0.09025
dirichlet_65,0.988653875,0.998,0.08925
dirichlet_66,0.98488975,0.993625,0.09
dirichlet_67,0.98842396875,0.999125,0.0895
dirichlet_68,0.98971815625,0.997,0.08825
dirichlet_69,0.98651434375,0.995375,0.08975
dirichlet_70,0.98790884375,0.998875,0.09025
dirichlet_71,0.98330584375,0.9985,0.0905
dirichlet_72,0.973582375,0.996125,0.0905
dirichlet_73,0.98453446875,0.994125,0.09
dirichlet_74,0.98821603125,0.997375,0.08925
dirichlet_75,0.985108,0.9965,0.0905
dirichlet_76,0.9875616875,0.998,0.08975
dirichlet_77,0.9815553125,0.997,0.09025
dirichlet_78,0.98456559375,0.974625,0.08775
dirichlet_79,0.98950309375,0.998625,0.08875
dirichlet_80,0.9877781875,0.998375,0.08975
dirichlet_81,0.98660684375,0.99875,0.09
dirichlet_82,0.9878493125,0.997625,0.09025
dirichlet_83,0.984249125,0.979625,0.08725
dirichlet_84,0.98426915625,0.977875,0.0875
dirichlet_85,0.98453525,0.997875,0.09025
dirichlet_86,0.9883028125,0.999,0.09025
dirichlet_87,0.98927184375,0.99925,0.089
dirichlet_88,0.9876785,0.997875,0.089
dirichlet_89,0.98253765625,0.98025,0.08775
dirichlet_90,0.98186065625,0.99475,0.0905
dirichlet_91,0.98679621875,0.998375,0.09
dirichlet_92,0.9876836875,0.997625,0.0895
dirichlet_93,0.98563946875,0.995375,0.09
dirichlet_94,0.9807490625,0.998125,0.09025
dirichlet_95,0.98868340625,0.999375,0.0895
dirichlet_96,0.9871605625,0.99875,0.0895
dirichlet_97,0.9872895,0.998875,0.09025
dirichlet_98,0.9703994375,0.990375,0.09025
dirichlet_99,0.98748496875,0.998125,0.09
dirichlet_100,0.98989521875,0.99925,0.08925
dirichlet_101,0.9852315,0.9985,0.09025
dirichlet_102,0.9876834375,0.999375,0.08875
dirichlet_103,0.987364875,0.999625,0.08925
dirichlet_104,0.98786234375,0.997875,0.08975
dirichlet_105,0.985048875,0.9975,0.09025
dirichlet_106,0.98666965625,0.9965,0.09
dirichlet_107,0.98528165625,0.991875,0.0885
dirichlet_108,0.9828119375,0.997375,0.0905
dirichlet_109,0.98348546875,0.998,0.09025
dirichlet_110,0.98203953125,0.99475,0.08975
dirichlet_111,0.984324625,0.99525,0.09025
dirichlet_112,0.9871025625,0.99775,0.089
dirichlet_113,0.98216371875,0.995875,0.0905
dirichlet_114,0.98658209375,0.98675,0.08775
dirichlet_115,0.9853094375,0.99275,0.089
dirichlet_116,0.9801195,0.99525,0.0905
dirichlet_117,0.98700228125,0.996375,0.09
dirichlet_118,0.9812885625,0.996375,0.09025
dirichlet_119,0.985241375,0.999125,0.09025
dirichlet_120,0.98258825,0.996625,0.0905
dirichlet_121,0.98542453125,0.995375,0.08975
dirichlet_122,0.98342703125,0.997375,0.09
dirichlet_123,0.9884998125,0.9975,0.08925
dirichlet_124,0.9867563125,0.99275,0.08875
dirichlet_125,0.9872505,0.999625,0.09
dirichlet_126,0.98601890625,0.99575,0.08975
dirichlet_127,0.9842405625,0.989375,0.08975
dirichlet_128,0.9854156875,0.990625,0.08875
dirichlet_129,0.98805278125,0.998875,0.09
dirichlet_130,0.9881244375,0.99825,0.08975
dirichlet_131,0.98634259375,0.99325,0.08875
dirichlet_132,0.97901271875,0.989125,0.09
dirichlet_133,0.98600175,0.995875,0.08925
dirichlet_134,0.98926684375,0.999125,0.08975
dirichlet_135,0.9807320625,0.99925,0.0905
dirichlet_136,0.98814325,0.9975,0.08875
dirichlet_137,0.98761303125,0.999125,0.0895
dirichlet_138,0.98417840625,0.99675,0.09
dirichlet_139,0.98680440625,0.99475,0.089
dirichlet_140,0.98554325,0.998875,0.09
dirichlet_141,0.98879725,0.998875,0.0895
dirichlet_142,0.9852474375,0.998875,0.0905
dirichlet_143,0.98108078125,0.99725,0.09
dirichlet_144,0.9850165,0.996125,0.08975
dirichlet_145,0.98750396875,0.999625,0.0895
dirichlet_146,0.98834278125,0.998375,0.08975
dirichlet_147,0.9830685625,0.9835,0.08925
dirichlet_148,0.98091678125,0.998375,0.0905
dirichlet_149,0.98336878125,0.99775,0.0905
dirichlet_150,0.986498875,0.991875,0.08825
dirichlet_151,0.98932534375,0.99675,0.08875
dirichlet_152,0.9854765625,0.99875,0.09025
dirichlet_153,0.98517328125,0.9995,0.09025
dirichlet_154,0.9844290625,0.997,0.09
dirichlet_155,0.98454078125,0.9775,0.08825
dirichlet_156,0.986116875,0.996875,0.09
dirichlet_157,0.98628321875,0.99625,0.09
dirichlet_158,0.9866040625,0.997625,0.08975
dirichlet_159,0.98539896875,0.999375,0.09025
dirichlet_160,0.9872875,0.995875,0.08925
dirichlet_161,0.983378125,0.99575,0.09
dirichlet_162,0.98025503125,0.996875,0.09025
dirichlet_163,0.98371815625,0.991875,0.08975
dirichlet_164,0.98585403125,0.990875,0.08925
dirichlet_165,0.97959596875,0.99625,0.09
dirichlet_166,0.982664875,0.998125,0.09025
dirichlet_167,0.98785375,0.99675,0.08925
dirichlet_168,0.98721715625,0.9985,0.09
dirichlet_169,0.988679125,0.997125,0.089
dirichlet_170,0.98066046875,0.993,0.08975
dirichlet_171,0.98433884375,0.993125,0.08975
dirichlet_172,0.9855999375,0.995625,0.08975
dirichlet_173,0.97877096875,0.998625,0.0905
dirichlet_174,0.9855514375,0.996875,0.09
dirichlet_175,0.98893290625,0.998875,0.08925
dirichlet_176,0.98296909375,0.989,0.09
dirichlet_177,0.9834559375,0.99225,0.09025
dirichlet_178,0.986605875,0.9985,0.09
dirichlet_179,0.98625028125,0.997625,0.09
dirichlet_180,0.98896421875,0.99775,0.089
dirichlet_181,0.98817840625,0.99825,0.0895
dirichlet_182,0.986734625,0.993,0.08925
dirichlet_183,0.9887743125,0.999125,0.0895
dirichlet_184,0.9842119375,0.998125,0.0905
dirichlet_185,0.9887579375,0.99875,0.09
dirichlet_186,0.98508375,0.9845,0.08825
dirichlet_187,0.97738834375,0.997,0.0905
dirichlet_188,0.98400403125,0.997,0.0905
dirichlet_189,0.98513515625,0.995625,0.09025
dirichlet_190,0.98808725,0.99825,0.09
dirichlet_191,0.98679971875,0.995125,0.0895
dirichlet_192,0.986149875,0.99925,0.09025
dirichlet_193,0.98571975,0.990875,0.0885
dirichlet_194,0.98686959375,0.99925,0.09025
dirichlet_195,0.9885083125,0.9925,0.08725
dirichlet_196,0.98312928125,0.996125,0.09025
dirichlet_197,0.9893103125,0.9995,0.08925
dirichlet_198,0.98587625,0.990375,0.08825
dirichlet_199,0.9865199375,0.999125,0.08975
dirichlet_200,0.98358396875,0.994125,0.09
dirichlet_201,0.98490065625,0.99125,0.08925
dirichlet_202,0.98425259375,0.9945,0.09
dirichlet_203,0.98753853125,0.999625,0.09025
dirichlet_204,0.9760640625,0.9965,0.0905
dirichlet_205,0.98547425,0.998375,0.09
dirichlet_206,0.9816159375,0.99625,0.09025
dirichlet_207,0.9865030625,0.996625,0.0895
dirichlet_208,0.98784490625,0.9985,0.09025
dirichlet_209,0.986440125,0.994125,0.08925
dirichlet_210,0.98595140625,0.9995,0.09025
dirichlet_211,0.98498340625,0.99775,0.09
dirichlet_212,0.98753228125,0.998625,0.09025
dirichlet_213,0.9846250625,0.998625,0.09
dirichlet_214,0.98992221875,0.9975,0.088
dirichlet_215,0.9900415625,0.999,0.08925
dirichlet_216,0.9852571875,0.995875,0.09
dirichlet_217,0.98631975,0.99325,0.0885
dirichlet_218,0.984496125,0.996875,0.0905
dirichlet_219,0.9898730625,0.99925,0.0895
dirichlet_220,0.98647878125,0.999625,0.08975
dirichlet_221,0.9881921875,0.9975,0.0895
dirichlet_222,0.98877,0.996625,0.08825
dirichlet_223,0.98683521875,0.99825,0.09025
dirichlet_224,0.98468653125,0.999125,0.0905
dirichlet_225,0.983750875,0.998375,0.09025
dirichlet_226,0.989964125,0.99725,0.08775
dirichlet_227,0.98717409375,0.99475,0.0895
dirichlet_228,0.98610459375,0.9895,0.088
dirichlet_229,0.989145625,0.994125,0.087
dirichlet_230,0.98652553125,0.999625,0.09
dirichlet_231,0.98523834375,0.998125,0.09025
dirichlet_232,0.986840625,0.992375,0.08925
dirichlet_233,0.9811768125,0.99825,0.09
dirichlet_234,0.98732490625,0.997625,0.08975
dirichlet_235,0.98387734375,0.997125,0.09
dirichlet_236,0.98066546875,0.994125,0.0905
dirichlet_237,0.984769,0.998,0.09
dirichlet_238,0.9873955625,0.99625,0.08925
dirichlet_239,0.98926853125,0.997625,0.08825
dirichlet_240,0.98445321875,0.98825,0.089
dirichlet_241,0.98785971875,0.9975,0.08925
dirichlet_242,0.9866189375,0.99925,0.09025
dirichlet_243,0.97875375,0.992625,0.0905
dirichlet_244,0.98116321875,0.996375,0.0905
dirichlet_245,0.98700703125,0.9965,0.089
dirichlet_246,0.983807875,0.99875,0.0905
dirichlet_247,0.9859383125,0.997625,0.0895
dirichlet_248,0.9912830625,0.99775,0.087
dirichlet_249,0.98262865625,0.997375,0.09025
dirichlet_250,0.9824496875,0.99775,0.09025
dirichlet_251,0.9830463125,0.9985,0.09025
dirichlet_252,0.98639503125,0.998375,0.09
dirichlet_253,0.989416,0.996375,0.0875
dirichlet_254,0.98354075,0.994,0.08975
dirichlet_255,0.98875659375,0.999625,0.09
dirichlet_256,0.983127375,0.997625,0.0905
dirichlet_257,0.9855224375,0.995,0.08975
dirichlet_258,0.98441790625,0.995625,0.09
dirichlet_259,0.98658409375,0.9985,0.09025
dirichlet_260,0.9857159375,0.988375,0.08825
dirichlet_261,0.98452559375,0.99525,0.09
dirichlet_262,0.98538715625,0.993,0.09
dirichlet_263,0.986433625,0.996375,0.09025
dirichlet_264,0.98413003125,0.99175,0.0895
dirichlet_265,0.98117440625,0.993375,0.0905
dirichlet_266,0.9845536875,0.996875,0.09025
dirichlet_267,0.98880290625,0.999,0.08925
dirichlet_268,0.98810884375,0.999625,0.09
dirichlet_269,0.9876519375,0.999,0.08925
dirichlet_270,0.98649765625,0.996375,0.09
dirichlet_271,0.985872,0.999375,0.09025
dirichlet_272,0.98412096875,0.996375,0.09
dirichlet_273,0.9823435625,0.99325,0.09
dirichlet_274,0.98412509375,0.997375,0.09025
dirichlet_275,0.9883560625,0.997375,0.08875
dirichlet_276,0.9879404375,0.996875,0.0895
dirichlet_277,0.98147590625,0.9965,0.0905
dirichlet_278,0.98835890625,0.99925,0.0895
dirichlet_279,0.987666625,0.9995,0.08975
dirichlet_280,0.98265290625,0.992375,0.0895
dirichlet_281,0.98528034375,0.99275,0.0895
dirichlet_282,0.98313384375,0.996625,0.09
dirichlet_283,0.98475128125,0.99325,0.08975
dirichlet_284,0.98524553125,0.998,0.0905
dirichlet_285,0.987781875,0.999625,0.09025
dirichlet_286,0.98364478125,0.996875,0.09025
dirichlet_287,0.9829643125,0.998,0.08975
dirichlet_288,0.98563028125,0.998875,0.0905
dirichlet_289,0.9837344375,0.991375,0.0895
dirichlet_290,0.98408115625,0.991875,0.08975
dirichlet_291,0.987574875,0.999375,0.08925
dirichlet_292,0.98536046875,0.998875,0.09
dirichlet_293,0.9861870625,0.99875,0.0895
dirichlet_294,0.98673121875,0.990875,0.08775
dirichlet_295,0.9855741875,0.99525,0.08975
dirichlet_296,0.98493346875,0.99625,0.09025
dirichlet_297,0.98749675,0.995375,0.0895
dirichlet_298,0.98906946875,0.997125,0.0885
dirichlet_299,0.9840813125,0.99775,0.0905
dirichlet_300,0.9855395,0.996375,0.09025
dirichlet_301,0.9803364375,0.997125,0.0905
dirichlet_302,0.98525615625,0.9985,0.09025
dirichlet_303,0.98694690625,0.998,0.0895
dirichlet_304,0.98784265625,0.998625,0.09
dirichlet_305,0.98642509375,0.986875,0.08775
dirichlet_306,0.98888809375,0.99975,0.0885
dirichlet_307,0.987641375,0.994625,0.08925
dirichlet_308,0.97989228125,0.99525,0.0905
dirichlet_309,0.988416375,0.99675,0.08875
dirichlet_310,0.98495778125,0.994875,0.09
dirichlet_311,0.98598240625,0.996125,0.08975
dirichlet_312,0.980385375,0.99225,0.08975
dirichlet_313,0.9883518125,0.99425,0.088
dirichlet_314,0.981124375,0.99225,0.0905
dirichlet_315,0.98682609375,0.991125,0.08825
dirichlet_316,0.98736725,0.99925,0.08975
dirichlet_317,0.9865286875,0.991,0.08875
dirichlet_318,0.98385378125,0.998,0.08975
dirichlet_319,0.98774728125,0.996375,0.089
dirichlet_320,0.97600934375,0.997625,0.09025
dirichlet_321,0.9828958125,0.9975,0.09
dirichlet_322,0.98938075,0.9995,0.089
dirichlet_323,0.9851601875,0.985875,0.088
dirichlet_324,0.98765196875,0.997,0.08975
dirichlet_325,0.9843725,0.99575,0.09
dirichlet_326,0.98518790625,0.9995,0.09
dirichlet_327,0.98898809375,0.998875,0.0885
dirichlet_328,0.98350421875,0.99675,0.0905
dirichlet_329,0.9870696875,0.997625,0.09025
dirichlet_330,0.98765496875,0.999125,0.09
dirichlet_331,0.98834909375,0.99675,0.089
dirichlet_332,0.98677078125,0.99825,0.09025
dirichlet_333,0.985140125,0.99575,0.08975
dirichlet_334,0.9876968125,0.995625,0.08925
dirichlet_335,0.98641678125,0.991625,0.08925
dirichlet_336,0.987800125,0.9955,0.08925
dirichlet_337,0.98712584375,0.998875,0.08975
dirichlet_338,0.98474803125,0.99725,0.08975
dirichlet_339,0.98647734375,0.999625,0.0895
dirichlet_340,0.9881749375,0.999625,0.09
dirichlet_341,0.9874845,0.992875,0.088
dirichlet_342,0.99027665625,0.998875,0.088
dirichlet_343,0.98796771875,0.999,0.08975
dirichlet_344,0.98547565625,0.989375,0.0885
dirichlet_345,0.98982434375,0.999375,0.0885
dirichlet_346,0.98591115625,0.99725,0.09025
dirichlet_347,0.98475140625,0.99875,0.09025
dirichlet_348,0.98469709375,0.993875,0.08975
dirichlet_349,0.9873840625,0.998375,0.08975
dirichlet_350,0.98734621875,0.9985,0.09
dirichlet_351,0.9830998125,0.998625,0.09
dirichlet_352,0.98155675,0.998125,0.09025
dirichlet_353,0.98828884375,0.991125,0.087
dirichlet_354,0.98676196875,0.9965,0.08975
dirichlet_355,0.9842964375,0.99925,0.09025
dirichlet_356,0.98654103125,0.98575,0.0865
dirichlet_357,0.98790815625,0.9985,0.09
dirichlet_358,0.98233403125,0.995375,0.08975
dirichlet_359,0.98176609375,0.983375,0.0885
dirichlet_360,0.98441053125,0.9965,0.0905
dirichlet_361,0.9863838125,0.998125,0.0895
dirichlet_362,0.98603034375,0.999375,0.09025
dirichlet_363,0.9829070625,0.997375,0.0905
dirichlet_364,0.98813578125,0.999625,0.0895
dirichlet_365,0.98135628125,0.9935,0.0905
dirichlet_366,0.9799386875,0.9965,0.0905
dirichlet_367,0.984995625,0.986125,0.08775
dirichlet_368,0.98907,0.999375,0.08975
dirichlet_369,0.97946071875,0.984,0.08925
dirichlet_370,0.98271346875,0.99375,0.08975
dirichlet_371,0.98354534375,0.995375,0.09
dirichlet_372,0.9877115625,0.9985,0.08975
dirichlet_373,0.98858465625,0.99875,0.08975
dirichlet_374,0.98848540625,0.995375,0.08775
dirichlet_375,0.98978540625,0.99825,0.088
dirichlet_376,0.98723159375,0.999625,0.09
dirichlet_377,0.9868233125,0.999125,0.0905
dirichlet_378,0.98842065625,0.999125,0.08925
dirichlet_379,0.98853840625,0.998875,0.09025
dirichlet_380,0.987768125,0.9985,0.09
dirichlet_381,0.98587925,0.99825,0.09025
dirichlet_382,0.9871455625,0.99725,0.09
dirichlet_383,0.984393625,0.995625,0.08975
dirichlet_384,0.9872013125,0.999375,0.08925
dirichlet_385,0.987773125,0.999625,0.09025
dirichlet_386,0.988428875,0.9985,0.0895
dirichlet_387,0.98990925,0.999125,0.0885
dirichlet_388,0.984363125,0.995125,0.0895
dirichlet_389,0.9886629375,0.99725,0.088
dirichlet_390,0.98540415625,0.991375,0.08875
dirichlet_391,0.9872385625,0.997625,0.09
dirichlet_392,0.97755634375,0.995875,0.0905
dirichlet_393,0.987909125,0.9995,0.0895
dirichlet_394,0.9864049375,0.99575,0.08975
dirichlet_395,0.98849290625,0.997875,0.0895
dirichlet_396,0.98519546875,0.996875,0.09
dirichlet_397,0.98929715625,0.999125,0.08925
dirichlet_398,0.98739796875,0.995625,0.08975
dirichlet_399,0.98438859375,0.992,0.0895
dirichlet_400,0.98711984375,0.998875,0.09
dirichlet_401,0.98631284375,0.995375,0.08975
dirichlet_402,0.98805459375,0.998,0.08975
dirichlet_403,0.9895103125,0.997,0.088
dirichlet_404,0.985443125,0.993875,0.0895
dirichlet_405,0.98504884375,0.99925,0.08975
dirichlet_406,0.98634578125,0.9985,0.09025
dirichlet_407,0.98947409375,0.996875,0.08775
dirichlet_408,0.98933471875,0.999375,0.08925
dirichlet_409,0.98393565625,0.988875,0.08925
dirichlet_410,0.98437621875,0.997125,0.09025
dirichlet_411,0.986908125,0.993375,0.08925
dirichlet_412,0.98757009375,0.990125,0.0875
dirichlet_413,0.98457203125,0.998875,0.09025
dirichlet_414,0.98440853125,0.999625,0.09025
dirichlet_415,0.982070875,0.997125,0.09025
dirichlet_416,0.98692990625,0.99875,0.09
dirichlet_417,0.98529575,0.99325,0.0895
dirichlet_418,0.98790496875,0.999125,0.09
dirichlet_419,0.98600278125,0.993125,0.08975
dirichlet_420,0.9875463125,0.9995,0.09025
dirichlet_421,0.98167990625,0.99475,0.09025
dirichlet_422,0.982995,0.99275,0.09
dirichlet_423,0.986337625,0.998375,0.09
dirichlet_424,0.98724634375,0.994125,0.089
dirichlet_425,0.9873599375,0.999,0.09025
dirichlet_426,0.98638421875,0.99875,0.09
dirichlet_427,0.9889514375,0.99775,0.0885
dirichlet_428,0.98405165625,0.996125,0.08975
dirichlet_429,0.98806696875,0.987875,0.0865
dirichlet_430,0.97966396875,0.99875,0.0905
dirichlet_431,0.9882455,0.9965,0.089
dirichlet_432,0.98261825,0.9945,0.09
dirichlet_433,0.98868246875,0.999,0.0895
dirichlet_434,0.985693875,0.998625,0.09
dirichlet_435,0.985556125,0.999625,0.0905
dirichlet_436,0.9855216875,0.995875,0.09
dirichlet_437,0.98833953125,0.99925,0.0895
dirichlet_438,0.98696853125,0.998,0.09025
dirichlet_439,0.98405515625,0.996625,0.08975
dirichlet_440,0.98622478125,0.9925,0.0885
dirichlet_441,0.986854,0.996375,0.09
dirichlet_442,0.9873409375,0.99875,0.09025
dirichlet_443,0.98729046875,0.998875,0.08975
dirichlet_444,0.9821869375,0.997375,0.0905
dirichlet_445,0.98556540625,0.9955,0.09
dirichlet_446,0.98817434375,0.9945,0.08875
dirichlet_447,0.9870506875,0.994,0.0885
dirichlet_448,0.98924684375,0.998125,0.0885
dirichlet_449,0.98733359375,0.990875,0.08925
dirichlet_450,0.9823606875,0.989,0.09
dirichlet_451,0.986083,0.99925,0.0895
dirichlet_452,0.98878109375,0.99775,0.0895
dirichlet_453,0.9840668125,0.997375,0.09025
dirichlet_454,0.99018878125,0.99875,0.08875
dirichlet_455,0.98725665625,0.997,0.08975
dirichlet_456,0.9814585625,0.99925,0.09025
dirichlet_457,0.9883526875,0.99375,0.08775
dirichlet_458,0.9841089375,0.997875,0.09
dirichlet_459,0.98497746875,0.998375,0.09025
dirichlet_460,0.9830611875,0.993,0.08975
dirichlet_461,0.986909375,0.998625,0.09
dirichlet_462,0.98768996875,0.994375,0.08825
dirichlet_463,0.9908155625,0.998875,0.08825
dirichlet_464,0.98803325,0.99975,0.09
dirichlet_465,0.98904090625,0.99725,0.08875
dirichlet_466,0.9887524375,0.997875,0.08925
dirichlet_467,0.9844021875,0.993125,0.09025
dirichlet_468,0.985595375,0.99475,0.08975
dirichlet_469,0.987428625,0.999625,0.0895
dirichlet_470,0.9805976875,0.994125,0.08975
dirichlet_471,0.98389184375,0.982625,0.08825
dirichlet_472,0.98711459375,0.997375,0.08975
dirichlet_473,0.98851734375,0.9985,0.09025
dirichlet_474,0.98449778125,0.992875,0.0895
dirichlet_475,0.98709503125,0.99875,0.09
dirichlet_476,0.9903293125,0.99875,0.08825
dirichlet_477,0.9835148125,0.99925,0.09025
dirichlet_478,0.98582875,0.995625,0.08975
dirichlet_479,0.9851565,0.994125,0.09025
dirichlet_480,0.9880068125,0.999375,0.0895
dirichlet_481,0.98527796875,0.999,0.09025
dirichlet_482,0.987353125,0.998375,0.09
dirichlet_483,0.9858025625,0.99725,0.08975
dirichlet_484,0.98656328125,0.998375,0.09025
dirichlet_485,0.9870691875,0.998875,0.0895
dirichlet_486,0.989155875,0.997625,0.08825
dirichlet_487,0.98734440625,0.99925,0.09
dirichlet_488,0.986781125,0.99325,0.08825
dirichlet_489,0.98653159375,0.997,0.08975
dirichlet_490,0.986836875,0.996375,0.0895
dirichlet_491,0.98513603125,0.997,0.09
dirichlet_492,0.98024053125,0.99675,0.0905
dirichlet_493,0.9867921875,0.9955,0.08925
dirichlet_494,0.99017971875,0.99975,0.08825
dirichlet_495,0.98789434375,0.998,0.09025
dirichlet_496,0.98495275,0.99425,0.08975
dirichlet_497,0.987801875,0.993375,0.08825
dirichlet_498,0.98964353125,0.997125,0.088
dirichlet_499,0.98140915625,0.9985,0.09
