ordering,rep,scenario,submitted,committed,median_ms,max_ms,recovery_s,recovered
bft,rep1,S0_all_up,15,15,2113.0,2136,,
bft,rep1,S1_one_down_leader,15,13,105.0,25064,,
bft,rep1,S2_one_down_follower,15,15,104.0,115,,
bft,rep1,S3_two_down,5,0,25062.0,25063,,
bft,rep1,S4_recovered,15,15,2113.0,2114,103.0,1.0
bft,rep2,S0_all_up,15,15,2113.0,2142,,
bft,rep2,S1_one_down_leader,15,13,105.0,25067,,
bft,rep2,S2_one_down_follower,15,15,104.0,113,,
bft,rep2,S3_two_down,5,0,25063.0,25063,,
bft,rep2,S4_recovered,15,15,2112.0,2115,64.0,1.0
raft,rep1,S0_all_up,15,15,258.0,292,,
raft,rep1,S1_orderer_down,5,0,42.0,43,,
raft,rep1,S2_recovered,15,15,257.0,288,9.0,1.0
raft,rep2,S0_all_up,15,15,277.0,306,,
raft,rep2,S1_orderer_down,5,0,58.0,58,,
raft,rep2,S2_recovered,15,15,272.0,275,9.0,1.0
