scenario,i,rc,latency_ms,ordering,rep
S0_all_up,1,0,2142,bft,rep2
S0_all_up,2,0,2111,bft,rep2
S0_all_up,3,0,2111,bft,rep2
S0_all_up,4,0,2111,bft,rep2
S0_all_up,5,0,2114,bft,rep2
S0_all_up,6,0,2112,bft,rep2
S0_all_up,7,0,2114,bft,rep2
S0_all_up,8,0,2116,bft,rep2
S0_all_up,9,0,2112,bft,rep2
S0_all_up,10,0,2113,bft,rep2
S0_all_up,11,0,2114,bft,rep2
S0_all_up,12,0,2112,bft,rep2
S0_all_up,13,0,2115,bft,rep2
S0_all_up,14,0,2114,bft,rep2
S0_all_up,15,0,2112,bft,rep2
S1_one_down_leader,1,1,25067,bft,rep2
S1_one_down_leader,2,1,25064,bft,rep2
S1_one_down_leader,3,0,9143,bft,rep2
S1_one_down_leader,4,0,102,bft,rep2
S1_one_down_leader,5,0,105,bft,rep2
S1_one_down_leader,6,0,105,bft,rep2
S1_one_down_leader,7,0,104,bft,rep2
S1_one_down_leader,8,0,104,bft,rep2
S1_one_down_leader,9,0,108,bft,rep2
S1_one_down_leader,10,0,102,bft,rep2
S1_one_down_leader,11,0,103,bft,rep2
S1_one_down_leader,12,0,107,bft,rep2
S1_one_down_leader,13,0,103,bft,rep2
S1_one_down_leader,14,0,104,bft,rep2
S1_one_down_leader,15,0,106,bft,rep2
S2_one_down_follower,1,0,99,bft,rep2
S2_one_down_follower,2,0,113,bft,rep2
S2_one_down_follower,3,0,107,bft,rep2
S2_one_down_follower,4,0,102,bft,rep2
S2_one_down_follower,5,0,103,bft,rep2
S2_one_down_follower,6,0,106,bft,rep2
S2_one_down_follower,7,0,104,bft,rep2
S2_one_down_follower,8,0,103,bft,rep2
S2_one_down_follower,9,0,105,bft,rep2
S2_one_down_follower,10,0,103,bft,rep2
S2_one_down_follower,11,0,103,bft,rep2
S2_one_down_follower,12,0,106,bft,rep2
S2_one_down_follower,13,0,104,bft,rep2
S2_one_down_follower,14,0,106,bft,rep2
S2_one_down_follower,15,0,106,bft,rep2
S3_two_down,1,1,25063,bft,rep2
S3_two_down,2,1,25062,bft,rep2
S3_two_down,3,1,25063,bft,rep2
S3_two_down,4,1,25063,bft,rep2
S3_two_down,5,1,25062,bft,rep2
S4_recovered,1,0,2104,bft,rep2
S4_recovered,2,0,2110,bft,rep2
S4_recovered,3,0,2114,bft,rep2
S4_recovered,4,0,2109,bft,rep2
S4_recovered,5,0,2112,bft,rep2
S4_recovered,6,0,2112,bft,rep2
S4_recovered,7,0,2114,bft,rep2
S4_recovered,8,0,2110,bft,rep2
S4_recovered,9,0,2114,bft,rep2
S4_recovered,10,0,2115,bft,rep2
S4_recovered,11,0,2113,bft,rep2
S4_recovered,12,0,2108,bft,rep2
S4_recovered,13,0,2110,bft,rep2
S4_recovered,14,0,2114,bft,rep2
S4_recovered,15,0,2112,bft,rep2
